{"type": "FeatureCollection", "features": [{"type": "Feature", "geometry": {"type": "Point", "coordinates": [-111.8308919, 40.4332349]}, "properties": {"osm_id": 923938268, "type": "Camera", "operator": "Unknown"}}, {"type": "Feature", "geometry": {"type": "Point", "coordinates": [-111.894552, 40.4317449]}, "properties": {"osm_id": 3104866986, "type": "outdoor", "operator": "Unknown"}}, {"type": "Feature", "geometry": {"type": "Point", "coordinates": [-111.8898607, 40.7637558]}, "properties": {"osm_id": 3663530738, "type": "outdoor", "operator": "Unknown"}}, {"type": "Feature", "geometry": {"type": "Point", "coordinates": [-111.8916963, 40.8472176]}, "properties": {"osm_id": 5260473606, "type": "public", "operator": "Unknown"}}, {"type": "Feature", "geometry": {"type": "Point", "coordinates": [-111.932898, 40.7607427]}, "properties": {"osm_id": 6662351806, "type": "flock", "operator": "Unknown"}}, {"type": "Feature", "geometry": {"type": "Point", "coordinates": [-111.8668318, 40.375044]}, "properties": {"osm_id": 7300998163, "type": "traffic", "operator": "Unknown"}}, {"type": "Feature", "geometry": {"type": "Point", "coordinates": [-111.9869076, 40.7858203]}, "properties": {"osm_id": 8999207215, "type": "indoor", "operator": "Unknown"}}, {"type": "Feature", "geometry": {"type": "Point", "coordinates": [-111.9874279, 40.7857324]}, "properties": {"osm_id": 8999207216, "type": "indoor", "operator": "Unknown"}}, {"type": "Feature", "geometry": {"type": "Point", "coordinates": [-111.987429, 40.7857689]}, "properties": {"osm_id": 8999210117, "type": "indoor", "operator": "Unknown"}}, {"type": "Feature", "geometry": {"type": "Point", "coordinates": [-111.9874345, 40.7853127]}, "properties": {"osm_id": 8999210118, "type": "indoor", "operator": "Unknown"}}, {"type": "Feature", "geometry": {"type": "Point", "coordinates": [-111.9868188, 40.7853393]}, "properties": {"osm_id": 8999210119, "type": "indoor", "operator": "Unknown"}}, {"type": "Feature", "geometry": {"type": "Point", "coordinates": [-111.9868265, 40.7853708]}, "properties": {"osm_id": 8999210120, "type": "indoor", "operator": "Unknown"}}, {"type": "Feature", "geometry": {"type": "Point", "coordinates": [-111.9869174, 40.7857863]}, "properties": {"osm_id": 8999210121, "type": "indoor", "operator": "Unknown"}}, {"type": "Feature", "geometry": {"type": "Point", "coordinates": [-111.9874454, 40.7853534]}, "properties": {"osm_id": 8999210122, "type": "indoor", "operator": "Unknown"}}, {"type": "Feature", "geometry": {"type": "Point", "coordinates": [-112.0994067, 38.6397069]}, "properties": {"osm_id": 9121770349, "type": "outdoor", "operator": "Unknown"}}, {"type": "Feature", "geometry": {"type": "Point", "coordinates": [-113.6392184, 39.0738775]}, "properties": {"osm_id": 9293842767, "type": "public", "operator": "Utah Department of Transportation"}}, {"type": "Feature", "geometry": {"type": "Point", "coordinates": [-111.5074171, 40.6154792]}, "properties": {"osm_id": 9374956507, "type": "Camera", "operator": "Unknown"}}, {"type": "Feature", "geometry": {"type": "Point", "coordinates": [-111.8235686, 41.8393513]}, "properties": {"osm_id": 9815883237, "type": "Camera", "operator": "Unknown"}}, {"type": "Feature", "geometry": {"type": "Point", "coordinates": [-111.9825073, 40.7763028]}, "properties": {"osm_id": 10864009260, "type": "Camera", "operator": "Unknown"}}, {"type": "Feature", "geometry": {"type": "Point", "coordinates": [-111.9816827, 40.777533]}, "properties": {"osm_id": 10864009261, "type": "Camera", "operator": "Unknown"}}, {"type": "Feature", "geometry": {"type": "Point", "coordinates": [-113.8298575, 40.784809]}, "properties": {"osm_id": 11038252470, "type": "webcam", "operator": "University of Utah"}}, {"type": "Feature", "geometry": {"type": "Point", "coordinates": [-111.6501823, 40.6503535]}, "properties": {"osm_id": 11068273191, "type": "traffic", "operator": "UDOT"}}, {"type": "Feature", "geometry": {"type": "Point", "coordinates": [-111.620878, 40.6377529]}, "properties": {"osm_id": 11068330310, "type": "traffic", "operator": "Unknown"}}, {"type": "Feature", "geometry": {"type": "Point", "coordinates": [-111.5173787, 40.6057859]}, "properties": {"osm_id": 11291204011, "type": "Camera", "operator": "Unknown"}}, {"type": "Feature", "geometry": {"type": "Point", "coordinates": [-111.5367535, 40.6099176]}, "properties": {"osm_id": 11291204012, "type": "Camera", "operator": "Unknown"}}, {"type": "Feature", "geometry": {"type": "Point", "coordinates": [-111.820635, 40.3744623]}, "properties": {"osm_id": 11310294601, "type": "outdoor", "operator": "Utah Transit Authority"}}, {"type": "Feature", "geometry": {"type": "Point", "coordinates": [-110.5618689, 38.9033809]}, "properties": {"osm_id": 11472343137, "type": "traffic", "operator": "Unknown"}}, {"type": "Feature", "geometry": {"type": "Point", "coordinates": [-111.8913129, 40.7693467]}, "properties": {"osm_id": 11582690539, "type": "public", "operator": "UDOT"}}, {"type": "Feature", "geometry": {"type": "Point", "coordinates": [-111.896729, 40.7713658]}, "properties": {"osm_id": 11582690540, "type": "public", "operator": "UDOT"}}, {"type": "Feature", "geometry": {"type": "Point", "coordinates": [-111.891295, 40.776052]}, "properties": {"osm_id": 11582760251, "type": "public", "operator": "UDOT"}}, {"type": "Feature", "geometry": {"type": "Point", "coordinates": [-111.8902774, 40.7783483]}, "properties": {"osm_id": 11582770323, "type": "public", "operator": "UDOT"}}, {"type": "Feature", "geometry": {"type": "Point", "coordinates": [-111.8882762, 40.7714365]}, "properties": {"osm_id": 11582774197, "type": "public", "operator": "UDOT"}}, {"type": "Feature", "geometry": {"type": "Point", "coordinates": [-111.889894, 40.7798672]}, "properties": {"osm_id": 11582782438, "type": "public", "operator": "UDOT"}}, {"type": "Feature", "geometry": {"type": "Point", "coordinates": [-111.899928, 40.7691692]}, "properties": {"osm_id": 11582792217, "type": "public", "operator": "Utah Department of Transportation"}}, {"type": "Feature", "geometry": {"type": "Point", "coordinates": [-111.8909278, 40.765137]}, "properties": {"osm_id": 11583261223, "type": "public", "operator": "UDOT"}}, {"type": "Feature", "geometry": {"type": "Point", "coordinates": [-111.871291, 40.7498985]}, "properties": {"osm_id": 11583277390, "type": "public", "operator": "UDOT"}}, {"type": "Feature", "geometry": {"type": "Point", "coordinates": [-111.888227, 40.7670146]}, "properties": {"osm_id": 11583406914, "type": "public", "operator": "UDOT"}}, {"type": "Feature", "geometry": {"type": "Point", "coordinates": [-111.8708319, 40.760875]}, "properties": {"osm_id": 11583457135, "type": "public", "operator": "UDOT"}}, {"type": "Feature", "geometry": {"type": "Point", "coordinates": [-111.888334, 40.7648494]}, "properties": {"osm_id": 11583462893, "type": "public", "operator": "UDOT"}}, {"type": "Feature", "geometry": {"type": "Point", "coordinates": [-111.899879, 40.7604607]}, "properties": {"osm_id": 11583466103, "type": "public", "operator": "UDOT"}}, {"type": "Feature", "geometry": {"type": "Point", "coordinates": [-111.8942749, 40.7496346]}, "properties": {"osm_id": 11583473155, "type": "public", "operator": "UDOT"}}, {"type": "Feature", "geometry": {"type": "Point", "coordinates": [-112.9805675, 37.2094726]}, "properties": {"osm_id": 11941056152, "type": "webcam", "operator": "National Park Service"}}, {"type": "Feature", "geometry": {"type": "Point", "coordinates": [-112.2400975, 37.4724898]}, "properties": {"osm_id": 11952068416, "type": "webcam", "operator": "National Park Service"}}, {"type": "Feature", "geometry": {"type": "Point", "coordinates": [-109.6082672, 38.6112591]}, "properties": {"osm_id": 11954148989, "type": "webcam", "operator": "Utah Department of Transportation"}}, {"type": "Feature", "geometry": {"type": "Point", "coordinates": [-109.6162962, 38.6165621]}, "properties": {"osm_id": 11954148990, "type": "webcam", "operator": "National Park Service"}}, {"type": "Feature", "geometry": {"type": "Point", "coordinates": [-111.7504683, 40.622964]}, "properties": {"osm_id": 12059619015, "type": "traffic", "operator": "UDOT"}}, {"type": "Feature", "geometry": {"type": "Point", "coordinates": [-111.8226594, 40.7640231]}, "properties": {"osm_id": 12064003529, "type": "Camera", "operator": "Unknown"}}, {"type": "Feature", "geometry": {"type": "Point", "coordinates": [-111.6524719, 40.6373449]}, "properties": {"osm_id": 12074212893, "type": "outdoor", "operator": "Unknown"}}, {"type": "Feature", "geometry": {"type": "Point", "coordinates": [-111.9038333, 40.730841]}, "properties": {"osm_id": 12074212898, "type": "traffic", "operator": "Unknown"}}, {"type": "Feature", "geometry": {"type": "Point", "coordinates": [-111.9010249, 40.7608005]}, "properties": {"osm_id": 12249258429, "type": "Camera", "operator": "Unknown"}}, {"type": "Feature", "geometry": {"type": "Point", "coordinates": [-111.8999741, 40.7620314]}, "properties": {"osm_id": 12249258746, "type": "Camera", "operator": "Unknown"}}, {"type": "Feature", "geometry": {"type": "Point", "coordinates": [-111.8999705, 40.7620148]}, "properties": {"osm_id": 12249259788, "type": "Camera", "operator": "Unknown"}}, {"type": "Feature", "geometry": {"type": "Point", "coordinates": [-111.9010091, 40.7608046]}, "properties": {"osm_id": 12249261061, "type": "Camera", "operator": "Unknown"}}, {"type": "Feature", "geometry": {"type": "Point", "coordinates": [-111.8937267, 40.7713521]}, "properties": {"osm_id": 12251469049, "type": "Camera", "operator": "Unknown"}}, {"type": "Feature", "geometry": {"type": "Point", "coordinates": [-111.8926362, 40.7686834]}, "properties": {"osm_id": 12252901868, "type": "Camera", "operator": "Unknown"}}, {"type": "Feature", "geometry": {"type": "Point", "coordinates": [-111.8970994, 40.7646225]}, "properties": {"osm_id": 12252924692, "type": "Camera", "operator": "Unknown"}}, {"type": "Feature", "geometry": {"type": "Point", "coordinates": [-111.8974662, 40.7644088]}, "properties": {"osm_id": 12252926966, "type": "Camera", "operator": "Unknown"}}, {"type": "Feature", "geometry": {"type": "Point", "coordinates": [-111.8929747, 40.7686848]}, "properties": {"osm_id": 12252927928, "type": "Camera", "operator": "Unknown"}}, {"type": "Feature", "geometry": {"type": "Point", "coordinates": [-111.8937218, 40.7686837]}, "properties": {"osm_id": 12252932386, "type": "Camera", "operator": "Unknown"}}, {"type": "Feature", "geometry": {"type": "Point", "coordinates": [-111.8956049, 40.76483]}, "properties": {"osm_id": 12252938428, "type": "Camera", "operator": "Unknown"}}, {"type": "Feature", "geometry": {"type": "Point", "coordinates": [-111.8936962, 40.7675733]}, "properties": {"osm_id": 12252938470, "type": "Camera", "operator": "Unknown"}}, {"type": "Feature", "geometry": {"type": "Point", "coordinates": [-111.897099, 40.7644081]}, "properties": {"osm_id": 12252938943, "type": "Camera", "operator": "Unknown"}}, {"type": "Feature", "geometry": {"type": "Point", "coordinates": [-111.8955964, 40.76483]}, "properties": {"osm_id": 12252945123, "type": "Camera", "operator": "Unknown"}}, {"type": "Feature", "geometry": {"type": "Point", "coordinates": [-111.8936538, 40.7678997]}, "properties": {"osm_id": 12252973897, "type": "Camera", "operator": "Unknown"}}, {"type": "Feature", "geometry": {"type": "Point", "coordinates": [-111.893728, 40.767745]}, "properties": {"osm_id": 12252981792, "type": "Camera", "operator": "Unknown"}}, {"type": "Feature", "geometry": {"type": "Point", "coordinates": [-111.8971989, 40.763903]}, "properties": {"osm_id": 12254171759, "type": "Camera", "operator": "Unknown"}}, {"type": "Feature", "geometry": {"type": "Point", "coordinates": [-111.897301, 40.7601171]}, "properties": {"osm_id": 12255087374, "type": "Camera", "operator": "Unknown"}}, {"type": "Feature", "geometry": {"type": "Point", "coordinates": [-111.897304, 40.7604578]}, "properties": {"osm_id": 12255092902, "type": "Camera", "operator": "Unknown"}}, {"type": "Feature", "geometry": {"type": "Point", "coordinates": [-111.8937293, 40.7616459]}, "properties": {"osm_id": 12255105088, "type": "Camera", "operator": "Unknown"}}, {"type": "Feature", "geometry": {"type": "Point", "coordinates": [-111.8936674, 40.7686877]}, "properties": {"osm_id": 12255121916, "type": "Camera", "operator": "Unknown"}}, {"type": "Feature", "geometry": {"type": "Point", "coordinates": [-111.8909765, 40.7695647]}, "properties": {"osm_id": 12256241862, "type": "Camera", "operator": "Unknown"}}, {"type": "Feature", "geometry": {"type": "Point", "coordinates": [-111.891207, 40.7700113]}, "properties": {"osm_id": 12256242179, "type": "Camera", "operator": "Unknown"}}, {"type": "Feature", "geometry": {"type": "Point", "coordinates": [-111.8908737, 40.7703212]}, "properties": {"osm_id": 12256272271, "type": "Camera", "operator": "Unknown"}}, {"type": "Feature", "geometry": {"type": "Point", "coordinates": [-111.891263, 40.7710981]}, "properties": {"osm_id": 12256290518, "type": "Camera", "operator": "Unknown"}}, {"type": "Feature", "geometry": {"type": "Point", "coordinates": [-111.891279, 40.7696416]}, "properties": {"osm_id": 12256292654, "type": "Camera", "operator": "Unknown"}}, {"type": "Feature", "geometry": {"type": "Point", "coordinates": [-111.8932618, 40.7691653]}, "properties": {"osm_id": 12256293477, "type": "Camera", "operator": "Unknown"}}, {"type": "Feature", "geometry": {"type": "Point", "coordinates": [-111.8912399, 40.7702259]}, "properties": {"osm_id": 12256293481, "type": "Camera", "operator": "Unknown"}}, {"type": "Feature", "geometry": {"type": "Point", "coordinates": [-111.8904569, 40.772721]}, "properties": {"osm_id": 12256293482, "type": "Camera", "operator": "Unknown"}}, {"type": "Feature", "geometry": {"type": "Point", "coordinates": [-111.8912431, 40.7708839]}, "properties": {"osm_id": 12256298325, "type": "Camera", "operator": "Unknown"}}, {"type": "Feature", "geometry": {"type": "Point", "coordinates": [-111.8908489, 40.7730857]}, "properties": {"osm_id": 12256298398, "type": "Camera", "operator": "Unknown"}}, {"type": "Feature", "geometry": {"type": "Point", "coordinates": [-111.8915759, 40.7691657]}, "properties": {"osm_id": 12256300270, "type": "Camera", "operator": "Unknown"}}, {"type": "Feature", "geometry": {"type": "Point", "coordinates": [-111.8912299, 40.7695621]}, "properties": {"osm_id": 12256300271, "type": "Camera", "operator": "Unknown"}}, {"type": "Feature", "geometry": {"type": "Point", "coordinates": [-111.891041, 40.7699883]}, "properties": {"osm_id": 12256300272, "type": "Camera", "operator": "Unknown"}}, {"type": "Feature", "geometry": {"type": "Point", "coordinates": [-111.8911485, 40.7714492]}, "properties": {"osm_id": 12256309632, "type": "Camera", "operator": "Unknown"}}, {"type": "Feature", "geometry": {"type": "Point", "coordinates": [-111.887548, 40.7777792]}, "properties": {"osm_id": 12256309673, "type": "Camera", "operator": "Unknown"}}, {"type": "Feature", "geometry": {"type": "Point", "coordinates": [-111.8907726, 40.770957]}, "properties": {"osm_id": 12256309997, "type": "Camera", "operator": "Unknown"}}, {"type": "Feature", "geometry": {"type": "Point", "coordinates": [-111.8909576, 40.7696277]}, "properties": {"osm_id": 12256310617, "type": "Camera", "operator": "Unknown"}}, {"type": "Feature", "geometry": {"type": "Point", "coordinates": [-111.890406, 40.7709575]}, "properties": {"osm_id": 12256310623, "type": "Camera", "operator": "Unknown"}}, {"type": "Feature", "geometry": {"type": "Point", "coordinates": [-111.8905633, 40.7745404]}, "properties": {"osm_id": 12256310630, "type": "Camera", "operator": "Unknown"}}, {"type": "Feature", "geometry": {"type": "Point", "coordinates": [-111.8909197, 40.771208]}, "properties": {"osm_id": 12256311696, "type": "Camera", "operator": "Unknown"}}, {"type": "Feature", "geometry": {"type": "Point", "coordinates": [-111.8904573, 40.772729]}, "properties": {"osm_id": 12256311893, "type": "Camera", "operator": "Unknown"}}, {"type": "Feature", "geometry": {"type": "Point", "coordinates": [-111.8908843, 40.7732694]}, "properties": {"osm_id": 12256311894, "type": "Camera", "operator": "Unknown"}}, {"type": "Feature", "geometry": {"type": "Point", "coordinates": [-111.8907737, 40.7713001]}, "properties": {"osm_id": 12256324958, "type": "Camera", "operator": "Unknown"}}, {"type": "Feature", "geometry": {"type": "Point", "coordinates": [-111.8910859, 40.7716757]}, "properties": {"osm_id": 12256327232, "type": "Camera", "operator": "Unknown"}}, {"type": "Feature", "geometry": {"type": "Point", "coordinates": [-111.8907759, 40.7709582]}, "properties": {"osm_id": 12256329237, "type": "Camera", "operator": "Unknown"}}, {"type": "Feature", "geometry": {"type": "Point", "coordinates": [-111.8876149, 40.7756306]}, "properties": {"osm_id": 12256329241, "type": "Camera", "operator": "Unknown"}}, {"type": "Feature", "geometry": {"type": "Point", "coordinates": [-111.8915987, 40.7720714]}, "properties": {"osm_id": 12256334134, "type": "Camera", "operator": "Unknown"}}, {"type": "Feature", "geometry": {"type": "Point", "coordinates": [-111.8908472, 40.7729062]}, "properties": {"osm_id": 12256334226, "type": "Camera", "operator": "Unknown"}}, {"type": "Feature", "geometry": {"type": "Point", "coordinates": [-111.8905956, 40.7717636]}, "properties": {"osm_id": 12256340257, "type": "Camera", "operator": "Unknown"}}, {"type": "Feature", "geometry": {"type": "Point", "coordinates": [-111.8892977, 40.7764934]}, "properties": {"osm_id": 12256343835, "type": "Camera", "operator": "Unknown"}}, {"type": "Feature", "geometry": {"type": "Point", "coordinates": [-111.8892213, 40.7784077]}, "properties": {"osm_id": 12256343869, "type": "Camera", "operator": "Unknown"}}, {"type": "Feature", "geometry": {"type": "Point", "coordinates": [-111.8908475, 40.7728106]}, "properties": {"osm_id": 12256346426, "type": "Camera", "operator": "Unknown"}}, {"type": "Feature", "geometry": {"type": "Point", "coordinates": [-111.8909191, 40.7760315]}, "properties": {"osm_id": 12256353397, "type": "Camera", "operator": "Unknown"}}, {"type": "Feature", "geometry": {"type": "Point", "coordinates": [-111.8888735, 40.777784]}, "properties": {"osm_id": 12256357916, "type": "Camera", "operator": "Unknown"}}, {"type": "Feature", "geometry": {"type": "Point", "coordinates": [-111.8894922, 40.777838]}, "properties": {"osm_id": 12256357917, "type": "Camera", "operator": "Unknown"}}, {"type": "Feature", "geometry": {"type": "Point", "coordinates": [-111.8889295, 40.7770494]}, "properties": {"osm_id": 12256359022, "type": "Camera", "operator": "Unknown"}}, {"type": "Feature", "geometry": {"type": "Point", "coordinates": [-111.8888284, 40.7782334]}, "properties": {"osm_id": 12256366356, "type": "Camera", "operator": "Unknown"}}, {"type": "Feature", "geometry": {"type": "Point", "coordinates": [-111.8874162, 40.7686277]}, "properties": {"osm_id": 12256369457, "type": "Camera", "operator": "Unknown"}}, {"type": "Feature", "geometry": {"type": "Point", "coordinates": [-111.8876525, 40.7756346]}, "properties": {"osm_id": 12256370919, "type": "Camera", "operator": "Unknown"}}, {"type": "Feature", "geometry": {"type": "Point", "coordinates": [-111.8872044, 40.7777764]}, "properties": {"osm_id": 12256372441, "type": "Camera", "operator": "Unknown"}}, {"type": "Feature", "geometry": {"type": "Point", "coordinates": [-111.887608, 40.7779572]}, "properties": {"osm_id": 12256372449, "type": "Camera", "operator": "Unknown"}}, {"type": "Feature", "geometry": {"type": "Point", "coordinates": [-111.8884744, 40.7677305]}, "properties": {"osm_id": 12256372456, "type": "Camera", "operator": "Unknown"}}, {"type": "Feature", "geometry": {"type": "Point", "coordinates": [-111.8864959, 40.7678634]}, "properties": {"osm_id": 12256372457, "type": "Camera", "operator": "Unknown"}}, {"type": "Feature", "geometry": {"type": "Point", "coordinates": [-111.8891542, 40.7772488]}, "properties": {"osm_id": 12256373066, "type": "Camera", "operator": "Unknown"}}, {"type": "Feature", "geometry": {"type": "Point", "coordinates": [-111.8875508, 40.7783971]}, "properties": {"osm_id": 12256374742, "type": "Camera", "operator": "Unknown"}}, {"type": "Feature", "geometry": {"type": "Point", "coordinates": [-111.8872061, 40.7784]}, "properties": {"osm_id": 12256375077, "type": "Camera", "operator": "Unknown"}}, {"type": "Feature", "geometry": {"type": "Point", "coordinates": [-111.887792, 40.7684911]}, "properties": {"osm_id": 12256381129, "type": "Camera", "operator": "Unknown"}}, {"type": "Feature", "geometry": {"type": "Point", "coordinates": [-111.8863246, 40.7662799]}, "properties": {"osm_id": 12256381150, "type": "Camera", "operator": "Unknown"}}, {"type": "Feature", "geometry": {"type": "Point", "coordinates": [-111.8892223, 40.7777816]}, "properties": {"osm_id": 12256396050, "type": "Camera", "operator": "Unknown"}}, {"type": "Feature", "geometry": {"type": "Point", "coordinates": [-111.8878118, 40.7659084]}, "properties": {"osm_id": 12256396084, "type": "Camera", "operator": "Unknown"}}, {"type": "Feature", "geometry": {"type": "Point", "coordinates": [-111.8873088, 40.7662309]}, "properties": {"osm_id": 12256402886, "type": "Camera", "operator": "Unknown"}}, {"type": "Feature", "geometry": {"type": "Point", "coordinates": [-111.8876865, 40.7681808]}, "properties": {"osm_id": 12256405152, "type": "Camera", "operator": "Unknown"}}, {"type": "Feature", "geometry": {"type": "Point", "coordinates": [-111.8884727, 40.7677208]}, "properties": {"osm_id": 12256415458, "type": "Camera", "operator": "Unknown"}}, {"type": "Feature", "geometry": {"type": "Point", "coordinates": [-111.8879302, 40.7664152]}, "properties": {"osm_id": 12256415717, "type": "Camera", "operator": "Unknown"}}, {"type": "Feature", "geometry": {"type": "Point", "coordinates": [-111.8884785, 40.7656472]}, "properties": {"osm_id": 12256415718, "type": "Camera", "operator": "Unknown"}}, {"type": "Feature", "geometry": {"type": "Point", "coordinates": [-111.8858361, 40.7665974]}, "properties": {"osm_id": 12256427170, "type": "Camera", "operator": "Unknown"}}, {"type": "Feature", "geometry": {"type": "Point", "coordinates": [-111.8856013, 40.7666099]}, "properties": {"osm_id": 12256430512, "type": "Camera", "operator": "Unknown"}}, {"type": "Feature", "geometry": {"type": "Point", "coordinates": [-111.8878215, 40.7651751]}, "properties": {"osm_id": 12256431656, "type": "Camera", "operator": "Unknown"}}, {"type": "Feature", "geometry": {"type": "Point", "coordinates": [-111.8878684, 40.7681744]}, "properties": {"osm_id": 12256432731, "type": "Camera", "operator": "Unknown"}}, {"type": "Feature", "geometry": {"type": "Point", "coordinates": [-111.8884739, 40.7679517]}, "properties": {"osm_id": 12256434822, "type": "Camera", "operator": "Unknown"}}, {"type": "Feature", "geometry": {"type": "Point", "coordinates": [-111.8855986, 40.766951]}, "properties": {"osm_id": 12256437132, "type": "Camera", "operator": "Unknown"}}, {"type": "Feature", "geometry": {"type": "Point", "coordinates": [-111.8876523, 40.7682271]}, "properties": {"osm_id": 12256445819, "type": "Camera", "operator": "Unknown"}}, {"type": "Feature", "geometry": {"type": "Point", "coordinates": [-111.8856597, 40.7669968]}, "properties": {"osm_id": 12256445820, "type": "Camera", "operator": "Unknown"}}, {"type": "Feature", "geometry": {"type": "Point", "coordinates": [-111.8863916, 40.7666417]}, "properties": {"osm_id": 12256456218, "type": "Camera", "operator": "Unknown"}}, {"type": "Feature", "geometry": {"type": "Point", "coordinates": [-111.8865257, 40.76655]}, "properties": {"osm_id": 12256457217, "type": "Camera", "operator": "Unknown"}}, {"type": "Feature", "geometry": {"type": "Point", "coordinates": [-111.8955887, 40.7690789]}, "properties": {"osm_id": 12259487669, "type": "Camera", "operator": "Unknown"}}, {"type": "Feature", "geometry": {"type": "Point", "coordinates": [-111.9041738, 40.7703061]}, "properties": {"osm_id": 12259538254, "type": "Camera", "operator": "Unknown"}}, {"type": "Feature", "geometry": {"type": "Point", "coordinates": [-111.9027729, 40.7676926]}, "properties": {"osm_id": 12259538255, "type": "Camera", "operator": "Unknown"}}, {"type": "Feature", "geometry": {"type": "Point", "coordinates": [-111.9028928, 40.7703023]}, "properties": {"osm_id": 12259565091, "type": "Camera", "operator": "Unknown"}}, {"type": "Feature", "geometry": {"type": "Point", "coordinates": [-111.8970318, 40.7649954]}, "properties": {"osm_id": 12259565889, "type": "Camera", "operator": "Unknown"}}, {"type": "Feature", "geometry": {"type": "Point", "coordinates": [-111.8943213, 40.7643689]}, "properties": {"osm_id": 12259565890, "type": "Camera", "operator": "Unknown"}}, {"type": "Feature", "geometry": {"type": "Point", "coordinates": [-111.8973855, 40.7691614]}, "properties": {"osm_id": 12259585141, "type": "Camera", "operator": "Unknown"}}, {"type": "Feature", "geometry": {"type": "Point", "coordinates": [-111.8999552, 40.7699349]}, "properties": {"osm_id": 12259593488, "type": "Camera", "operator": "Unknown"}}, {"type": "Feature", "geometry": {"type": "Point", "coordinates": [-111.9036773, 40.7704723]}, "properties": {"osm_id": 12259598850, "type": "Camera", "operator": "Unknown"}}, {"type": "Feature", "geometry": {"type": "Point", "coordinates": [-111.9002775, 40.7681019]}, "properties": {"osm_id": 12259601902, "type": "Camera", "operator": "Unknown"}}, {"type": "Feature", "geometry": {"type": "Point", "coordinates": [-111.9008161, 40.7689045]}, "properties": {"osm_id": 12259608828, "type": "Camera", "operator": "Unknown"}}, {"type": "Feature", "geometry": {"type": "Point", "coordinates": [-111.9006102, 40.7690462]}, "properties": {"osm_id": 12259609903, "type": "Camera", "operator": "Unknown"}}, {"type": "Feature", "geometry": {"type": "Point", "coordinates": [-111.9005321, 40.7700051]}, "properties": {"osm_id": 12259609904, "type": "Camera", "operator": "Unknown"}}, {"type": "Feature", "geometry": {"type": "Point", "coordinates": [-111.903568, 40.7696381]}, "properties": {"osm_id": 12259614824, "type": "Camera", "operator": "Unknown"}}, {"type": "Feature", "geometry": {"type": "Point", "coordinates": [-111.89534, 40.764837]}, "properties": {"osm_id": 12259614827, "type": "Camera", "operator": "Unknown"}}, {"type": "Feature", "geometry": {"type": "Point", "coordinates": [-111.8946398, 40.7648021]}, "properties": {"osm_id": 12259614828, "type": "Camera", "operator": "Unknown"}}, {"type": "Feature", "geometry": {"type": "Point", "coordinates": [-111.9007986, 40.7689112]}, "properties": {"osm_id": 12259618690, "type": "Camera", "operator": "Unknown"}}, {"type": "Feature", "geometry": {"type": "Point", "coordinates": [-111.9000698, 40.7686329]}, "properties": {"osm_id": 12259619143, "type": "Camera", "operator": "Unknown"}}, {"type": "Feature", "geometry": {"type": "Point", "coordinates": [-111.9035608, 40.7696467]}, "properties": {"osm_id": 12259619820, "type": "Camera", "operator": "Unknown"}}, {"type": "Feature", "geometry": {"type": "Point", "coordinates": [-111.9022984, 40.7706037]}, "properties": {"osm_id": 12259619850, "type": "Camera", "operator": "Unknown"}}, {"type": "Feature", "geometry": {"type": "Point", "coordinates": [-111.8961872, 40.7648336]}, "properties": {"osm_id": 12259620882, "type": "Camera", "operator": "Unknown"}}, {"type": "Feature", "geometry": {"type": "Point", "coordinates": [-111.9028875, 40.7696677]}, "properties": {"osm_id": 12259622610, "type": "Camera", "operator": "Unknown"}}, {"type": "Feature", "geometry": {"type": "Point", "coordinates": [-111.8968121, 40.7648404]}, "properties": {"osm_id": 12259622648, "type": "Camera", "operator": "Unknown"}}, {"type": "Feature", "geometry": {"type": "Point", "coordinates": [-111.9003435, 40.7699306]}, "properties": {"osm_id": 12259624060, "type": "Camera", "operator": "Unknown"}}, {"type": "Feature", "geometry": {"type": "Point", "coordinates": [-111.9032101, 40.7700682]}, "properties": {"osm_id": 12259626358, "type": "Camera", "operator": "Unknown"}}, {"type": "Feature", "geometry": {"type": "Point", "coordinates": [-111.9038573, 40.7703102]}, "properties": {"osm_id": 12259626489, "type": "Camera", "operator": "Unknown"}}, {"type": "Feature", "geometry": {"type": "Point", "coordinates": [-111.9027806, 40.7701213]}, "properties": {"osm_id": 12259636796, "type": "Camera", "operator": "Unknown"}}, {"type": "Feature", "geometry": {"type": "Point", "coordinates": [-111.9039925, 40.7702507]}, "properties": {"osm_id": 12259640645, "type": "Camera", "operator": "Unknown"}}, {"type": "Feature", "geometry": {"type": "Point", "coordinates": [-111.9044577, 40.7704698]}, "properties": {"osm_id": 12259640646, "type": "Camera", "operator": "Unknown"}}, {"type": "Feature", "geometry": {"type": "Point", "coordinates": [-111.9027016, 40.7703783]}, "properties": {"osm_id": 12259640650, "type": "Camera", "operator": "Unknown"}}, {"type": "Feature", "geometry": {"type": "Point", "coordinates": [-111.9025238, 40.7704859]}, "properties": {"osm_id": 12259640651, "type": "Camera", "operator": "Unknown"}}, {"type": "Feature", "geometry": {"type": "Point", "coordinates": [-111.9039887, 40.769986]}, "properties": {"osm_id": 12259643483, "type": "Camera", "operator": "Unknown"}}, {"type": "Feature", "geometry": {"type": "Point", "coordinates": [-111.9022754, 40.7684582]}, "properties": {"osm_id": 12259646208, "type": "Camera", "operator": "Unknown"}}, {"type": "Feature", "geometry": {"type": "Point", "coordinates": [-111.8961792, 40.7648351]}, "properties": {"osm_id": 12259646209, "type": "Camera", "operator": "Unknown"}}, {"type": "Feature", "geometry": {"type": "Point", "coordinates": [-111.9025229, 40.7702826]}, "properties": {"osm_id": 12259647104, "type": "Camera", "operator": "Unknown"}}, {"type": "Feature", "geometry": {"type": "Point", "coordinates": [-111.9019417, 40.7684206]}, "properties": {"osm_id": 12259649602, "type": "Camera", "operator": "Unknown"}}, {"type": "Feature", "geometry": {"type": "Point", "coordinates": [-111.9036693, 40.7707241]}, "properties": {"osm_id": 12259652922, "type": "Camera", "operator": "Unknown"}}, {"type": "Feature", "geometry": {"type": "Point", "coordinates": [-111.9023271, 40.7703798]}, "properties": {"osm_id": 12259655160, "type": "Camera", "operator": "Unknown"}}, {"type": "Feature", "geometry": {"type": "Point", "coordinates": [-111.9016338, 40.770551]}, "properties": {"osm_id": 12259658218, "type": "Camera", "operator": "Unknown"}}, {"type": "Feature", "geometry": {"type": "Point", "coordinates": [-111.9019382, 40.768433]}, "properties": {"osm_id": 12259662388, "type": "Camera", "operator": "Unknown"}}, {"type": "Feature", "geometry": {"type": "Point", "coordinates": [-111.897283, 40.7589166]}, "properties": {"osm_id": 12259662999, "type": "Camera", "operator": "Unknown"}}, {"type": "Feature", "geometry": {"type": "Point", "coordinates": [-111.9014929, 40.7675639]}, "properties": {"osm_id": 12259663003, "type": "Camera", "operator": "Unknown"}}, {"type": "Feature", "geometry": {"type": "Point", "coordinates": [-111.8958426, 40.7648348]}, "properties": {"osm_id": 12259665123, "type": "Camera", "operator": "Unknown"}}, {"type": "Feature", "geometry": {"type": "Point", "coordinates": [-111.8947807, 40.7589115]}, "properties": {"osm_id": 12259666495, "type": "Camera", "operator": "Unknown"}}, {"type": "Feature", "geometry": {"type": "Point", "coordinates": [-111.8984704, 40.7675541]}, "properties": {"osm_id": 12259671863, "type": "Camera", "operator": "Unknown"}}, {"type": "Feature", "geometry": {"type": "Point", "coordinates": [-111.8966103, 40.7649932]}, "properties": {"osm_id": 12259673092, "type": "Camera", "operator": "Unknown"}}, {"type": "Feature", "geometry": {"type": "Point", "coordinates": [-111.8944538, 40.7621085]}, "properties": {"osm_id": 12259673093, "type": "Camera", "operator": "Unknown"}}, {"type": "Feature", "geometry": {"type": "Point", "coordinates": [-111.8942269, 40.7588965]}, "properties": {"osm_id": 12259677942, "type": "Camera", "operator": "Unknown"}}, {"type": "Feature", "geometry": {"type": "Point", "coordinates": [-111.8968129, 40.7651381]}, "properties": {"osm_id": 12259680343, "type": "Camera", "operator": "Unknown"}}, {"type": "Feature", "geometry": {"type": "Point", "coordinates": [-111.8952094, 40.7648322]}, "properties": {"osm_id": 12259685750, "type": "Camera", "operator": "Unknown"}}, {"type": "Feature", "geometry": {"type": "Point", "coordinates": [-111.8946319, 40.7647467]}, "properties": {"osm_id": 12259686839, "type": "Camera", "operator": "Unknown"}}, {"type": "Feature", "geometry": {"type": "Point", "coordinates": [-111.8974454, 40.7589094]}, "properties": {"osm_id": 12259701167, "type": "Camera", "operator": "Unknown"}}, {"type": "Feature", "geometry": {"type": "Point", "coordinates": [-111.8974506, 40.7589144]}, "properties": {"osm_id": 12259705599, "type": "Camera", "operator": "Unknown"}}, {"type": "Feature", "geometry": {"type": "Point", "coordinates": [-111.8973208, 40.7604695]}, "properties": {"osm_id": 12259732221, "type": "Camera", "operator": "Unknown"}}, {"type": "Feature", "geometry": {"type": "Point", "coordinates": [-111.8941108, 40.7671834]}, "properties": {"osm_id": 12259742741, "type": "Camera", "operator": "Unknown"}}, {"type": "Feature", "geometry": {"type": "Point", "coordinates": [-111.8892624, 40.769114]}, "properties": {"osm_id": 12264566225, "type": "Camera", "operator": "Unknown"}}, {"type": "Feature", "geometry": {"type": "Point", "coordinates": [-111.8892967, 40.769112]}, "properties": {"osm_id": 12264583317, "type": "Camera", "operator": "Unknown"}}, {"type": "Feature", "geometry": {"type": "Point", "coordinates": [-111.8697778, 40.7686698]}, "properties": {"osm_id": 12264604266, "type": "Camera", "operator": "Unknown"}}, {"type": "Feature", "geometry": {"type": "Point", "coordinates": [-111.881337, 40.769652]}, "properties": {"osm_id": 12264608514, "type": "Camera", "operator": "Unknown"}}, {"type": "Feature", "geometry": {"type": "Point", "coordinates": [-111.8813382, 40.7696134]}, "properties": {"osm_id": 12264610135, "type": "Camera", "operator": "Unknown"}}, {"type": "Feature", "geometry": {"type": "Point", "coordinates": [-111.8740617, 40.7695398]}, "properties": {"osm_id": 12264617061, "type": "Camera", "operator": "Unknown"}}, {"type": "Feature", "geometry": {"type": "Point", "coordinates": [-111.8719464, 40.7696672]}, "properties": {"osm_id": 12264619691, "type": "Camera", "operator": "Unknown"}}, {"type": "Feature", "geometry": {"type": "Point", "coordinates": [-111.8745372, 40.7690724]}, "properties": {"osm_id": 12264620759, "type": "Camera", "operator": "Unknown"}}, {"type": "Feature", "geometry": {"type": "Point", "coordinates": [-111.881442, 40.7696119]}, "properties": {"osm_id": 12264621711, "type": "Camera", "operator": "Unknown"}}, {"type": "Feature", "geometry": {"type": "Point", "coordinates": [-111.8783418, 40.7695594]}, "properties": {"osm_id": 12264621713, "type": "Camera", "operator": "Unknown"}}, {"type": "Feature", "geometry": {"type": "Point", "coordinates": [-111.8741515, 40.769544]}, "properties": {"osm_id": 12264622951, "type": "Camera", "operator": "Unknown"}}, {"type": "Feature", "geometry": {"type": "Point", "coordinates": [-111.8707663, 40.7696527]}, "properties": {"osm_id": 12264622968, "type": "Camera", "operator": "Unknown"}}, {"type": "Feature", "geometry": {"type": "Point", "coordinates": [-111.8728442, 40.7697737]}, "properties": {"osm_id": 12264641255, "type": "Camera", "operator": "Unknown"}}, {"type": "Feature", "geometry": {"type": "Point", "coordinates": [-111.8689066, 40.7696932]}, "properties": {"osm_id": 12264643699, "type": "Camera", "operator": "Unknown"}}, {"type": "Feature", "geometry": {"type": "Point", "coordinates": [-111.8704667, 40.7696197]}, "properties": {"osm_id": 12264643939, "type": "Camera", "operator": "Unknown"}}, {"type": "Feature", "geometry": {"type": "Point", "coordinates": [-111.8770378, 40.7696539]}, "properties": {"osm_id": 12264646725, "type": "Camera", "operator": "Unknown"}}, {"type": "Feature", "geometry": {"type": "Point", "coordinates": [-111.8728208, 40.7695912]}, "properties": {"osm_id": 12264650426, "type": "Camera", "operator": "Unknown"}}, {"type": "Feature", "geometry": {"type": "Point", "coordinates": [-111.8578549, 40.7696744]}, "properties": {"osm_id": 12264661240, "type": "Camera", "operator": "Unknown"}}, {"type": "Feature", "geometry": {"type": "Point", "coordinates": [-111.8444875, 40.7629066]}, "properties": {"osm_id": 12264663572, "type": "Camera", "operator": "Unknown"}}, {"type": "Feature", "geometry": {"type": "Point", "coordinates": [-111.8702861, 40.7697472]}, "properties": {"osm_id": 12264665403, "type": "Camera", "operator": "Unknown"}}, {"type": "Feature", "geometry": {"type": "Point", "coordinates": [-111.867923, 40.7697063]}, "properties": {"osm_id": 12264666386, "type": "Camera", "operator": "Unknown"}}, {"type": "Feature", "geometry": {"type": "Point", "coordinates": [-111.8707285, 40.7696187]}, "properties": {"osm_id": 12264667280, "type": "Camera", "operator": "Unknown"}}, {"type": "Feature", "geometry": {"type": "Point", "coordinates": [-111.8702845, 40.7699411]}, "properties": {"osm_id": 12264668028, "type": "Camera", "operator": "Unknown"}}, {"type": "Feature", "geometry": {"type": "Point", "coordinates": [-111.8459952, 40.7630234]}, "properties": {"osm_id": 12264668063, "type": "Camera", "operator": "Unknown"}}, {"type": "Feature", "geometry": {"type": "Point", "coordinates": [-111.8399348, 40.7644206]}, "properties": {"osm_id": 12264668086, "type": "Camera", "operator": "Unknown"}}, {"type": "Feature", "geometry": {"type": "Point", "coordinates": [-111.8681277, 40.7696402]}, "properties": {"osm_id": 12264825605, "type": "Camera", "operator": "Unknown"}}, {"type": "Feature", "geometry": {"type": "Point", "coordinates": [-111.8704532, 40.7696324]}, "properties": {"osm_id": 12264827962, "type": "Camera", "operator": "Unknown"}}, {"type": "Feature", "geometry": {"type": "Point", "coordinates": [-111.8689164, 40.769597]}, "properties": {"osm_id": 12264830863, "type": "Camera", "operator": "Unknown"}}, {"type": "Feature", "geometry": {"type": "Point", "coordinates": [-111.857371, 40.7696669]}, "properties": {"osm_id": 12264832023, "type": "Camera", "operator": "Unknown"}}, {"type": "Feature", "geometry": {"type": "Point", "coordinates": [-111.8578039, 40.7696311]}, "properties": {"osm_id": 12264832594, "type": "Camera", "operator": "Unknown"}}, {"type": "Feature", "geometry": {"type": "Point", "coordinates": [-111.8574097, 40.7696309]}, "properties": {"osm_id": 12264832595, "type": "Camera", "operator": "Unknown"}}, {"type": "Feature", "geometry": {"type": "Point", "coordinates": [-111.845423, 40.7623811]}, "properties": {"osm_id": 12264847184, "type": "Camera", "operator": "Unknown"}}, {"type": "Feature", "geometry": {"type": "Point", "coordinates": [-111.8452892, 40.7638307]}, "properties": {"osm_id": 12264847185, "type": "Camera", "operator": "Unknown"}}, {"type": "Feature", "geometry": {"type": "Point", "coordinates": [-111.8397628, 40.7642149]}, "properties": {"osm_id": 12264887063, "type": "Camera", "operator": "Unknown"}}, {"type": "Feature", "geometry": {"type": "Point", "coordinates": [-111.8896059, 40.7602708]}, "properties": {"osm_id": 12269199485, "type": "Camera", "operator": "Unknown"}}, {"type": "Feature", "geometry": {"type": "Point", "coordinates": [-111.8865532, 40.7591839]}, "properties": {"osm_id": 12269199488, "type": "Camera", "operator": "Unknown"}}, {"type": "Feature", "geometry": {"type": "Point", "coordinates": [-111.8924524, 40.7604048]}, "properties": {"osm_id": 12269209333, "type": "Camera", "operator": "Unknown"}}, {"type": "Feature", "geometry": {"type": "Point", "coordinates": [-111.8887141, 40.7588612]}, "properties": {"osm_id": 12269209338, "type": "Camera", "operator": "Unknown"}}, {"type": "Feature", "geometry": {"type": "Point", "coordinates": [-111.883888, 40.7599485]}, "properties": {"osm_id": 12269221179, "type": "Camera", "operator": "Unknown"}}, {"type": "Feature", "geometry": {"type": "Point", "coordinates": [-111.8889241, 40.7602578]}, "properties": {"osm_id": 12269226676, "type": "Camera", "operator": "Unknown"}}, {"type": "Feature", "geometry": {"type": "Point", "coordinates": [-111.8887039, 40.7602619]}, "properties": {"osm_id": 12269226851, "type": "Camera", "operator": "Unknown"}}, {"type": "Feature", "geometry": {"type": "Point", "coordinates": [-111.8887157, 40.7594271]}, "properties": {"osm_id": 12269226871, "type": "Camera", "operator": "Unknown"}}, {"type": "Feature", "geometry": {"type": "Point", "coordinates": [-111.8887211, 40.7588663]}, "properties": {"osm_id": 12269228037, "type": "Camera", "operator": "Unknown"}}, {"type": "Feature", "geometry": {"type": "Point", "coordinates": [-111.8890804, 40.7601978]}, "properties": {"osm_id": 12269234241, "type": "Camera", "operator": "Unknown"}}, {"type": "Feature", "geometry": {"type": "Point", "coordinates": [-111.8888716, 40.7602572]}, "properties": {"osm_id": 12269234242, "type": "Camera", "operator": "Unknown"}}, {"type": "Feature", "geometry": {"type": "Point", "coordinates": [-111.888512, 40.7591731]}, "properties": {"osm_id": 12269234243, "type": "Camera", "operator": "Unknown"}}, {"type": "Feature", "geometry": {"type": "Point", "coordinates": [-111.8822256, 40.7615246]}, "properties": {"osm_id": 12269235252, "type": "Camera", "operator": "Unknown"}}, {"type": "Feature", "geometry": {"type": "Point", "coordinates": [-111.8896046, 40.7602643]}, "properties": {"osm_id": 12269237245, "type": "Camera", "operator": "Unknown"}}, {"type": "Feature", "geometry": {"type": "Point", "coordinates": [-111.8890068, 40.7602595]}, "properties": {"osm_id": 12269239214, "type": "Camera", "operator": "Unknown"}}, {"type": "Feature", "geometry": {"type": "Point", "coordinates": [-111.8885003, 40.7591592]}, "properties": {"osm_id": 12269239215, "type": "Camera", "operator": "Unknown"}}, {"type": "Feature", "geometry": {"type": "Point", "coordinates": [-111.888706, 40.7602596]}, "properties": {"osm_id": 12269244074, "type": "Camera", "operator": "Unknown"}}, {"type": "Feature", "geometry": {"type": "Point", "coordinates": [-111.8889143, 40.7588645]}, "properties": {"osm_id": 12269245631, "type": "Camera", "operator": "Unknown"}}, {"type": "Feature", "geometry": {"type": "Point", "coordinates": [-111.8887108, 40.7596991]}, "properties": {"osm_id": 12269248519, "type": "Camera", "operator": "Unknown"}}, {"type": "Feature", "geometry": {"type": "Point", "coordinates": [-111.8822289, 40.7603029]}, "properties": {"osm_id": 12269248537, "type": "Camera", "operator": "Unknown"}}, {"type": "Feature", "geometry": {"type": "Point", "coordinates": [-111.8822341, 40.7619771]}, "properties": {"osm_id": 12269248540, "type": "Camera", "operator": "Unknown"}}, {"type": "Feature", "geometry": {"type": "Point", "coordinates": [-111.8870306, 40.7591844]}, "properties": {"osm_id": 12269251294, "type": "Camera", "operator": "Unknown"}}, {"type": "Feature", "geometry": {"type": "Point", "coordinates": [-111.8870368, 40.759939]}, "properties": {"osm_id": 12269251295, "type": "Camera", "operator": "Unknown"}}, {"type": "Feature", "geometry": {"type": "Point", "coordinates": [-111.8822584, 40.7625475]}, "properties": {"osm_id": 12269251991, "type": "Camera", "operator": "Unknown"}}, {"type": "Feature", "geometry": {"type": "Point", "coordinates": [-111.8821558, 40.761344]}, "properties": {"osm_id": 12269256282, "type": "Camera", "operator": "Unknown"}}, {"type": "Feature", "geometry": {"type": "Point", "coordinates": [-111.8870508, 40.7595533]}, "properties": {"osm_id": 12269262104, "type": "Camera", "operator": "Unknown"}}, {"type": "Feature", "geometry": {"type": "Point", "coordinates": [-111.8865586, 40.7599421]}, "properties": {"osm_id": 12269265752, "type": "Camera", "operator": "Unknown"}}, {"type": "Feature", "geometry": {"type": "Point", "coordinates": [-111.8822136, 40.7604571]}, "properties": {"osm_id": 12269269559, "type": "Camera", "operator": "Unknown"}}, {"type": "Feature", "geometry": {"type": "Point", "coordinates": [-111.8820487, 40.7612631]}, "properties": {"osm_id": 12269269560, "type": "Camera", "operator": "Unknown"}}, {"type": "Feature", "geometry": {"type": "Point", "coordinates": [-111.882253, 40.7665019]}, "properties": {"osm_id": 12269269597, "type": "Camera", "operator": "Unknown"}}, {"type": "Feature", "geometry": {"type": "Point", "coordinates": [-111.8898301, 40.770669]}, "properties": {"osm_id": 12269270389, "type": "Camera", "operator": "Unknown"}}, {"type": "Feature", "geometry": {"type": "Point", "coordinates": [-111.8821996, 40.7613969]}, "properties": {"osm_id": 12269273549, "type": "Camera", "operator": "Unknown"}}, {"type": "Feature", "geometry": {"type": "Point", "coordinates": [-111.8837245, 40.7596207]}, "properties": {"osm_id": 12269278299, "type": "Camera", "operator": "Unknown"}}, {"type": "Feature", "geometry": {"type": "Point", "coordinates": [-111.8817917, 40.7665812]}, "properties": {"osm_id": 12269280197, "type": "Camera", "operator": "Unknown"}}, {"type": "Feature", "geometry": {"type": "Point", "coordinates": [-111.8821451, 40.7613239]}, "properties": {"osm_id": 12269289450, "type": "Camera", "operator": "Unknown"}}, {"type": "Feature", "geometry": {"type": "Point", "coordinates": [-111.8822253, 40.7604509]}, "properties": {"osm_id": 12269290306, "type": "Camera", "operator": "Unknown"}}, {"type": "Feature", "geometry": {"type": "Point", "coordinates": [-111.8820835, 40.7636257]}, "properties": {"osm_id": 12269290988, "type": "Camera", "operator": "Unknown"}}, {"type": "Feature", "geometry": {"type": "Point", "coordinates": [-111.8822252, 40.7601769]}, "properties": {"osm_id": 12269292503, "type": "Camera", "operator": "Unknown"}}, {"type": "Feature", "geometry": {"type": "Point", "coordinates": [-111.8820227, 40.7611377]}, "properties": {"osm_id": 12269293072, "type": "Camera", "operator": "Unknown"}}, {"type": "Feature", "geometry": {"type": "Point", "coordinates": [-111.8822547, 40.7622678]}, "properties": {"osm_id": 12269295066, "type": "Camera", "operator": "Unknown"}}, {"type": "Feature", "geometry": {"type": "Point", "coordinates": [-111.8822277, 40.7667096]}, "properties": {"osm_id": 12269295067, "type": "Camera", "operator": "Unknown"}}, {"type": "Feature", "geometry": {"type": "Point", "coordinates": [-111.8818764, 40.7611359]}, "properties": {"osm_id": 12269295523, "type": "Camera", "operator": "Unknown"}}, {"type": "Feature", "geometry": {"type": "Point", "coordinates": [-111.8818449, 40.7664869]}, "properties": {"osm_id": 12269297829, "type": "Camera", "operator": "Unknown"}}, {"type": "Feature", "geometry": {"type": "Point", "coordinates": [-111.8821543, 40.7614251]}, "properties": {"osm_id": 12269299711, "type": "Camera", "operator": "Unknown"}}, {"type": "Feature", "geometry": {"type": "Point", "coordinates": [-111.8822253, 40.7665769]}, "properties": {"osm_id": 12269303742, "type": "Camera", "operator": "Unknown"}}, {"type": "Feature", "geometry": {"type": "Point", "coordinates": [-111.8825958, 40.7626732]}, "properties": {"osm_id": 12269304745, "type": "Camera", "operator": "Unknown"}}, {"type": "Feature", "geometry": {"type": "Point", "coordinates": [-111.8836266, 40.7677494]}, "properties": {"osm_id": 12269306962, "type": "Camera", "operator": "Unknown"}}, {"type": "Feature", "geometry": {"type": "Point", "coordinates": [-111.8838861, 40.7673451]}, "properties": {"osm_id": 12269306963, "type": "Camera", "operator": "Unknown"}}, {"type": "Feature", "geometry": {"type": "Point", "coordinates": [-111.882136, 40.7667172]}, "properties": {"osm_id": 12269308227, "type": "Camera", "operator": "Unknown"}}, {"type": "Feature", "geometry": {"type": "Point", "coordinates": [-111.8818685, 40.7669493]}, "properties": {"osm_id": 12269308228, "type": "Camera", "operator": "Unknown"}}, {"type": "Feature", "geometry": {"type": "Point", "coordinates": [-111.8820498, 40.7664819]}, "properties": {"osm_id": 12269310054, "type": "Camera", "operator": "Unknown"}}, {"type": "Feature", "geometry": {"type": "Point", "coordinates": [-111.8900189, 40.769575]}, "properties": {"osm_id": 12269315976, "type": "Camera", "operator": "Unknown"}}, {"type": "Feature", "geometry": {"type": "Point", "coordinates": [-111.882278, 40.7658582]}, "properties": {"osm_id": 12269316291, "type": "Camera", "operator": "Unknown"}}, {"type": "Feature", "geometry": {"type": "Point", "coordinates": [-111.8842689, 40.7676457]}, "properties": {"osm_id": 12269316293, "type": "Camera", "operator": "Unknown"}}, {"type": "Feature", "geometry": {"type": "Point", "coordinates": [-111.8818539, 40.7667783]}, "properties": {"osm_id": 12269321428, "type": "Camera", "operator": "Unknown"}}, {"type": "Feature", "geometry": {"type": "Point", "coordinates": [-111.8838932, 40.7673508]}, "properties": {"osm_id": 12269329683, "type": "Camera", "operator": "Unknown"}}, {"type": "Feature", "geometry": {"type": "Point", "coordinates": [-111.8892342, 40.7707507]}, "properties": {"osm_id": 12269330754, "type": "Camera", "operator": "Unknown"}}, {"type": "Feature", "geometry": {"type": "Point", "coordinates": [-111.8836007, 40.7673668]}, "properties": {"osm_id": 12269331603, "type": "Camera", "operator": "Unknown"}}, {"type": "Feature", "geometry": {"type": "Point", "coordinates": [-111.8885113, 40.7706661]}, "properties": {"osm_id": 12269333972, "type": "Camera", "operator": "Unknown"}}, {"type": "Feature", "geometry": {"type": "Point", "coordinates": [-111.8904011, 40.7712962]}, "properties": {"osm_id": 12269335673, "type": "Camera", "operator": "Unknown"}}, {"type": "Feature", "geometry": {"type": "Point", "coordinates": [-111.8908826, 40.770249]}, "properties": {"osm_id": 12269343379, "type": "Camera", "operator": "Unknown"}}, {"type": "Feature", "geometry": {"type": "Point", "coordinates": [-111.8894951, 40.7707514]}, "properties": {"osm_id": 12269347111, "type": "Camera", "operator": "Unknown"}}, {"type": "Feature", "geometry": {"type": "Point", "coordinates": [-111.8923978, 40.7718249]}, "properties": {"osm_id": 12269350242, "type": "Camera", "operator": "Unknown"}}, {"type": "Feature", "geometry": {"type": "Point", "coordinates": [-111.8900305, 40.7700373]}, "properties": {"osm_id": 12269357899, "type": "Camera", "operator": "Unknown"}}, {"type": "Feature", "geometry": {"type": "Point", "coordinates": [-111.8896676, 40.7695755]}, "properties": {"osm_id": 12269358145, "type": "Camera", "operator": "Unknown"}}, {"type": "Feature", "geometry": {"type": "Point", "coordinates": [-111.8896521, 40.7700124]}, "properties": {"osm_id": 12269360661, "type": "Camera", "operator": "Unknown"}}, {"type": "Feature", "geometry": {"type": "Point", "coordinates": [-111.9595026, 41.2182377]}, "properties": {"osm_id": 12332700153, "type": "traffic", "operator": "Flock Safety"}}, {"type": "Feature", "geometry": {"type": "Point", "coordinates": [-111.9736149, 41.2028655]}, "properties": {"osm_id": 12332988574, "type": "traffic", "operator": "Flock Safety"}}, {"type": "Feature", "geometry": {"type": "Point", "coordinates": [-113.6230677, 37.1409466]}, "properties": {"osm_id": 12363567930, "type": "traffic", "operator": "Unknown"}}, {"type": "Feature", "geometry": {"type": "Point", "coordinates": [-109.5804479, 38.6060377]}, "properties": {"osm_id": 12391337156, "type": "public", "operator": "Unknown"}}, {"type": "Feature", "geometry": {"type": "Point", "coordinates": [-112.5088885, 40.6261354]}, "properties": {"osm_id": 12402630951, "type": "public", "operator": "Unknown"}}, {"type": "Feature", "geometry": {"type": "Point", "coordinates": [-112.3711533, 40.6130056]}, "properties": {"osm_id": 12402630952, "type": "public", "operator": "Unknown"}}, {"type": "Feature", "geometry": {"type": "Point", "coordinates": [-112.3698407, 40.567844]}, "properties": {"osm_id": 12402630953, "type": "public", "operator": "Unknown"}}, {"type": "Feature", "geometry": {"type": "Point", "coordinates": [-112.3536762, 40.5607403]}, "properties": {"osm_id": 12402630954, "type": "public", "operator": "Unknown"}}, {"type": "Feature", "geometry": {"type": "Point", "coordinates": [-112.274325, 40.5574951]}, "properties": {"osm_id": 12402709186, "type": "public", "operator": "Unknown"}}, {"type": "Feature", "geometry": {"type": "Point", "coordinates": [-111.8854633, 40.9111857]}, "properties": {"osm_id": 12408479294, "type": "public", "operator": "Unknown"}}, {"type": "Feature", "geometry": {"type": "Point", "coordinates": [-111.9010704, 40.7624511]}, "properties": {"osm_id": 12505246773, "type": "public", "operator": "Unknown"}}, {"type": "Feature", "geometry": {"type": "Point", "coordinates": [-113.5132536, 37.1369937]}, "properties": {"osm_id": 12506120623, "type": "Camera", "operator": "Unknown"}}, {"type": "Feature", "geometry": {"type": "Point", "coordinates": [-111.7972789, 40.4472369]}, "properties": {"osm_id": 12557429646, "type": "public", "operator": "Lone Peak Police Department"}}, {"type": "Feature", "geometry": {"type": "Point", "coordinates": [-111.7972873, 40.4472077]}, "properties": {"osm_id": 12557429647, "type": "public", "operator": "Lone Peak Police Department"}}, {"type": "Feature", "geometry": {"type": "Point", "coordinates": [-111.7842363, 40.4406885]}, "properties": {"osm_id": 12557429648, "type": "public", "operator": "Lone Peak Police Department"}}, {"type": "Feature", "geometry": {"type": "Point", "coordinates": [-111.7844225, 40.4413246]}, "properties": {"osm_id": 12557429649, "type": "public", "operator": "Lone Peak Police Department"}}, {"type": "Feature", "geometry": {"type": "Point", "coordinates": [-111.7734025, 40.43926]}, "properties": {"osm_id": 12557429650, "type": "public", "operator": "Lone Peak Police Department"}}, {"type": "Feature", "geometry": {"type": "Point", "coordinates": [-111.8640508, 39.7099736]}, "properties": {"osm_id": 12623472372, "type": "camera", "operator": "Flock Safety"}}, {"type": "Feature", "geometry": {"type": "Point", "coordinates": [-114.0304604, 37.7296329]}, "properties": {"osm_id": 12625766117, "type": "public", "operator": "Utah Department of Transportation"}}, {"type": "Feature", "geometry": {"type": "Point", "coordinates": [-114.033962, 38.9378533]}, "properties": {"osm_id": 12625829811, "type": "public", "operator": "Utah Department of Transportation"}}, {"type": "Feature", "geometry": {"type": "Point", "coordinates": [-114.0224493, 40.744912]}, "properties": {"osm_id": 12625920854, "type": "public", "operator": "Utah Department of Transportation"}}, {"type": "Feature", "geometry": {"type": "Point", "coordinates": [-113.9987031, 41.3791216]}, "properties": {"osm_id": 12626075464, "type": "public", "operator": "Utah Department of Transportation"}}, {"type": "Feature", "geometry": {"type": "Point", "coordinates": [-113.0858407, 41.9378242]}, "properties": {"osm_id": 12626117020, "type": "public", "operator": "Utah Department of Transportation"}}, {"type": "Feature", "geometry": {"type": "Point", "coordinates": [-113.5106644, 41.7639607]}, "properties": {"osm_id": 12626117021, "type": "public", "operator": "Utah Department of Transportation"}}, {"type": "Feature", "geometry": {"type": "Point", "coordinates": [-112.1983641, 42.0012739]}, "properties": {"osm_id": 12626149808, "type": "public", "operator": "Utah Department of Transportation"}}, {"type": "Feature", "geometry": {"type": "Point", "coordinates": [-113.186207, 41.991918]}, "properties": {"osm_id": 12626154913, "type": "public", "operator": "Utah Department of Transportation"}}, {"type": "Feature", "geometry": {"type": "Point", "coordinates": [-112.1807474, 41.9675381]}, "properties": {"osm_id": 12626201530, "type": "public", "operator": "Utah Department of Transportation"}}, {"type": "Feature", "geometry": {"type": "Point", "coordinates": [-111.8125847, 41.9986966]}, "properties": {"osm_id": 12627527624, "type": "traffic", "operator": "Utah Department of Transportation"}}, {"type": "Feature", "geometry": {"type": "Point", "coordinates": [-111.1223759, 41.7723179]}, "properties": {"osm_id": 12629385730, "type": "public", "operator": "Utah Department of Transportation"}}, {"type": "Feature", "geometry": {"type": "Point", "coordinates": [-111.4089015, 42.0006535]}, "properties": {"osm_id": 12629428101, "type": "public", "operator": "Utah Department of Transportation"}}, {"type": "Feature", "geometry": {"type": "Point", "coordinates": [-111.3932481, 41.9465123]}, "properties": {"osm_id": 12629429404, "type": "public", "operator": "Utah Department of Transportation"}}, {"type": "Feature", "geometry": {"type": "Point", "coordinates": [-111.2494965, 41.8072101]}, "properties": {"osm_id": 12629429489, "type": "public", "operator": "Utah Department of Transportation"}}, {"type": "Feature", "geometry": {"type": "Point", "coordinates": [-111.2516999, 41.8080863]}, "properties": {"osm_id": 12629429491, "type": "public", "operator": "Utah Department of Transportation"}}, {"type": "Feature", "geometry": {"type": "Point", "coordinates": [-111.4097511, 41.941933]}, "properties": {"osm_id": 12629438028, "type": "public", "operator": "Utah Department of Transportation"}}, {"type": "Feature", "geometry": {"type": "Point", "coordinates": [-111.4919306, 41.9534095]}, "properties": {"osm_id": 12629443362, "type": "public", "operator": "Utah Department of Transportation"}}, {"type": "Feature", "geometry": {"type": "Point", "coordinates": [-111.3905042, 41.9102988]}, "properties": {"osm_id": 12629447196, "type": "public", "operator": "Utah Department of Transportation"}}, {"type": "Feature", "geometry": {"type": "Point", "coordinates": [-111.1519271, 41.1401483]}, "properties": {"osm_id": 12633632794, "type": "public", "operator": "Utah Department of Transportation"}}, {"type": "Feature", "geometry": {"type": "Point", "coordinates": [-111.051001, 41.4210834]}, "properties": {"osm_id": 12633651856, "type": "public", "operator": "Utah Department of Transportation"}}, {"type": "Feature", "geometry": {"type": "Point", "coordinates": [-111.1140241, 41.195379]}, "properties": {"osm_id": 12633655767, "type": "public", "operator": "Utah Department of Transportation"}}, {"type": "Feature", "geometry": {"type": "Point", "coordinates": [-109.8445527, 40.9917781]}, "properties": {"osm_id": 12633681194, "type": "public", "operator": "Utah Department of Transportation"}}, {"type": "Feature", "geometry": {"type": "Point", "coordinates": [-114.0004826, 40.7466318]}, "properties": {"osm_id": 12634043575, "type": "traffic", "operator": "Unknown"}}, {"type": "Feature", "geometry": {"type": "Point", "coordinates": [-113.9994598, 40.7464749]}, "properties": {"osm_id": 12634043576, "type": "public", "operator": "Utah Department of Transportation"}}, {"type": "Feature", "geometry": {"type": "Point", "coordinates": [-109.4688037, 40.9637857]}, "properties": {"osm_id": 12636405940, "type": "public", "operator": "Utah Department of Transportation"}}, {"type": "Feature", "geometry": {"type": "Point", "coordinates": [-109.4425003, 40.9023673]}, "properties": {"osm_id": 12636817152, "type": "public", "operator": "Utah Department of Transportation"}}, {"type": "Feature", "geometry": {"type": "Point", "coordinates": [-109.4620214, 40.8538814]}, "properties": {"osm_id": 12637185188, "type": "public", "operator": "Utah Department of Transportation"}}, {"type": "Feature", "geometry": {"type": "Point", "coordinates": [-109.5728231, 40.8525017]}, "properties": {"osm_id": 12637212258, "type": "public", "operator": "Utah Department of Transportation"}}, {"type": "Feature", "geometry": {"type": "Point", "coordinates": [-109.6471006, 40.8418783]}, "properties": {"osm_id": 12637253348, "type": "public", "operator": "Utah Department of Transportation"}}, {"type": "Feature", "geometry": {"type": "Point", "coordinates": [-109.7036332, 40.8999938]}, "properties": {"osm_id": 12637268233, "type": "public", "operator": "Utah Department of Transportation"}}, {"type": "Feature", "geometry": {"type": "Point", "coordinates": [-109.6863708, 40.8667912]}, "properties": {"osm_id": 12637280276, "type": "public", "operator": "Utah Department of Transportation"}}, {"type": "Feature", "geometry": {"type": "Point", "coordinates": [-109.4711874, 40.7826289]}, "properties": {"osm_id": 12639594482, "type": "public", "operator": "Utah Department of Transportation"}}, {"type": "Feature", "geometry": {"type": "Point", "coordinates": [-109.4689258, 40.7239343]}, "properties": {"osm_id": 12639636909, "type": "public", "operator": "Utah Department of Transportation"}}, {"type": "Feature", "geometry": {"type": "Point", "coordinates": [-109.4858735, 40.6412879]}, "properties": {"osm_id": 12639642479, "type": "public", "operator": "Utah Department of Transportation"}}, {"type": "Feature", "geometry": {"type": "Point", "coordinates": [-109.4859477, 40.6774165]}, "properties": {"osm_id": 12639644001, "type": "public", "operator": "Utah Department of Transportation"}}, {"type": "Feature", "geometry": {"type": "Point", "coordinates": [-109.545466, 40.4543111]}, "properties": {"osm_id": 12639675615, "type": "public", "operator": "Utah Department of Transportation"}}, {"type": "Feature", "geometry": {"type": "Point", "coordinates": [-109.528367, 40.4558348]}, "properties": {"osm_id": 12639713720, "type": "public", "operator": "Utah Department of Transportation"}}, {"type": "Feature", "geometry": {"type": "Point", "coordinates": [-109.5382388, 40.4557328]}, "properties": {"osm_id": 12639725272, "type": "public", "operator": "Utah Department of Transportation"}}, {"type": "Feature", "geometry": {"type": "Point", "coordinates": [-109.5534539, 40.4482648]}, "properties": {"osm_id": 12639735203, "type": "public", "operator": "Utah Department of Transportation"}}, {"type": "Feature", "geometry": {"type": "Point", "coordinates": [-109.5691055, 40.4363603]}, "properties": {"osm_id": 12639740951, "type": "public", "operator": "Utah Department of Transportation"}}, {"type": "Feature", "geometry": {"type": "Point", "coordinates": [-109.573147, 40.4333736]}, "properties": {"osm_id": 12639746225, "type": "public", "operator": "Utah Department of Transportation"}}, {"type": "Feature", "geometry": {"type": "Point", "coordinates": [-111.676948, 40.2336679]}, "properties": {"osm_id": 12639805139, "type": "public", "operator": "Unknown"}}, {"type": "Feature", "geometry": {"type": "Point", "coordinates": [-111.8103797, 40.7198272]}, "properties": {"osm_id": 12643683585, "type": "public", "operator": "Unknown"}}, {"type": "Feature", "geometry": {"type": "Point", "coordinates": [-111.9209295, 40.6094861]}, "properties": {"osm_id": 12643711957, "type": "public", "operator": "Unknown"}}, {"type": "Feature", "geometry": {"type": "Point", "coordinates": [-111.9139563, 40.621082]}, "properties": {"osm_id": 12643741732, "type": "public", "operator": "Unknown"}}, {"type": "Feature", "geometry": {"type": "Point", "coordinates": [-111.9663935, 40.6677334]}, "properties": {"osm_id": 12644422526, "type": "public", "operator": "Unknown"}}, {"type": "Feature", "geometry": {"type": "Point", "coordinates": [-112.0246975, 40.6971375]}, "properties": {"osm_id": 12644459259, "type": "public", "operator": "Unknown"}}, {"type": "Feature", "geometry": {"type": "Point", "coordinates": [-111.9392726, 40.6465827]}, "properties": {"osm_id": 12644492217, "type": "public", "operator": "Unknown"}}, {"type": "Feature", "geometry": {"type": "Point", "coordinates": [-109.5019358, 40.4488085]}, "properties": {"osm_id": 12644731163, "type": "public", "operator": "Utah Department of Transportation"}}, {"type": "Feature", "geometry": {"type": "Point", "coordinates": [-109.4994541, 40.4414645]}, "properties": {"osm_id": 12644741197, "type": "public", "operator": "Utah Department of Transportation"}}, {"type": "Feature", "geometry": {"type": "Point", "coordinates": [-109.4990802, 40.4193083]}, "properties": {"osm_id": 12644767644, "type": "public", "operator": "Utah Department of Transportation"}}, {"type": "Feature", "geometry": {"type": "Point", "coordinates": [-109.0680403, 40.2801767]}, "properties": {"osm_id": 12644781344, "type": "public", "operator": "Utah Department of Transportation"}}, {"type": "Feature", "geometry": {"type": "Point", "coordinates": [-109.4986005, 40.4143063]}, "properties": {"osm_id": 12644824897, "type": "public", "operator": "Utah Department of Transportation"}}, {"type": "Feature", "geometry": {"type": "Point", "coordinates": [-109.5821264, 40.4164035]}, "properties": {"osm_id": 12645416767, "type": "public", "operator": "Utah Department of Transportation"}}, {"type": "Feature", "geometry": {"type": "Point", "coordinates": [-109.9972133, 40.3022169]}, "properties": {"osm_id": 12645452788, "type": "public", "operator": "Utah Department of Transportation"}}, {"type": "Feature", "geometry": {"type": "Point", "coordinates": [-109.8922757, 40.3020407]}, "properties": {"osm_id": 12645467197, "type": "public", "operator": "Utah Department of Transportation"}}, {"type": "Feature", "geometry": {"type": "Point", "coordinates": [-109.624924, 40.3491094]}, "properties": {"osm_id": 12645468548, "type": "public", "operator": "Utah Department of Transportation"}}, {"type": "Feature", "geometry": {"type": "Point", "coordinates": [-109.8590948, 40.3020221]}, "properties": {"osm_id": 12645471386, "type": "public", "operator": "Utah Department of Transportation"}}, {"type": "Feature", "geometry": {"type": "Point", "coordinates": [-109.9727234, 40.3020617]}, "properties": {"osm_id": 12645487694, "type": "public", "operator": "Utah Department of Transportation"}}, {"type": "Feature", "geometry": {"type": "Point", "coordinates": [-110.4011657, 40.1635494]}, "properties": {"osm_id": 12645490990, "type": "public", "operator": "Utah Department of Transportation"}}, {"type": "Feature", "geometry": {"type": "Point", "coordinates": [-110.3923738, 40.1625012]}, "properties": {"osm_id": 12645499997, "type": "public", "operator": "Utah Department of Transportation"}}, {"type": "Feature", "geometry": {"type": "Point", "coordinates": [-109.9887069, 40.3020553]}, "properties": {"osm_id": 12645513346, "type": "public", "operator": "Utah Department of Transportation"}}, {"type": "Feature", "geometry": {"type": "Point", "coordinates": [-109.9916495, 40.2925996]}, "properties": {"osm_id": 12645514647, "type": "public", "operator": "Utah Department of Transportation"}}, {"type": "Feature", "geometry": {"type": "Point", "coordinates": [-110.4933977, 40.1729358]}, "properties": {"osm_id": 12645521268, "type": "public", "operator": "Utah Department of Transportation"}}, {"type": "Feature", "geometry": {"type": "Point", "coordinates": [-110.0286177, 40.2740769]}, "properties": {"osm_id": 12645523465, "type": "public", "operator": "Utah Department of Transportation"}}, {"type": "Feature", "geometry": {"type": "Point", "coordinates": [-110.0607921, 40.2579073]}, "properties": {"osm_id": 12645536922, "type": "public", "operator": "Utah Department of Transportation"}}, {"type": "Feature", "geometry": {"type": "Point", "coordinates": [-110.0679333, 40.1994816]}, "properties": {"osm_id": 12645551146, "type": "public", "operator": "Utah Department of Transportation"}}, {"type": "Feature", "geometry": {"type": "Point", "coordinates": [-110.4030121, 40.1588672]}, "properties": {"osm_id": 12645571638, "type": "public", "operator": "Utah Department of Transportation"}}, {"type": "Feature", "geometry": {"type": "Point", "coordinates": [-110.1735053, 37.0046268]}, "properties": {"osm_id": 12645707588, "type": "public", "operator": "Utah Department of Transportation"}}, {"type": "Feature", "geometry": {"type": "Point", "coordinates": [-109.4778829, 37.6252549]}, "properties": {"osm_id": 12645739607, "type": "public", "operator": "Utah Department of Transportation"}}, {"type": "Feature", "geometry": {"type": "Point", "coordinates": [-109.4007506, 37.7441913]}, "properties": {"osm_id": 12645744526, "type": "public", "operator": "Utah Department of Transportation"}}, {"type": "Feature", "geometry": {"type": "Point", "coordinates": [-109.8189858, 37.5647883]}, "properties": {"osm_id": 12645746706, "type": "public", "operator": "Utah Department of Transportation"}}, {"type": "Feature", "geometry": {"type": "Point", "coordinates": [-109.3430608, 37.8725111]}, "properties": {"osm_id": 12645768880, "type": "public", "operator": "Utah Department of Transportation"}}, {"type": "Feature", "geometry": {"type": "Point", "coordinates": [-109.3980104, 37.7558586]}, "properties": {"osm_id": 12645791560, "type": "public", "operator": "Utah Department of Transportation"}}, {"type": "Feature", "geometry": {"type": "Point", "coordinates": [-109.3061947, 37.8730403]}, "properties": {"osm_id": 12645814700, "type": "public", "operator": "Utah Department of Transportation"}}, {"type": "Feature", "geometry": {"type": "Point", "coordinates": [-109.3537864, 37.9975128]}, "properties": {"osm_id": 12645833980, "type": "public", "operator": "Utah Department of Transportation"}}, {"type": "Feature", "geometry": {"type": "Point", "coordinates": [-109.4043415, 38.310092]}, "properties": {"osm_id": 12645860525, "type": "public", "operator": "Utah Department of Transportation"}}, {"type": "Feature", "geometry": {"type": "Point", "coordinates": [-109.2086254, 38.3421509]}, "properties": {"osm_id": 12645883921, "type": "public", "operator": "Utah Department of Transportation"}}, {"type": "Feature", "geometry": {"type": "Point", "coordinates": [-109.417299, 38.3179239]}, "properties": {"osm_id": 12645907588, "type": "public", "operator": "Utah Department of Transportation"}}, {"type": "Feature", "geometry": {"type": "Point", "coordinates": [-109.5037274, 38.5282962]}, "properties": {"osm_id": 12645918972, "type": "public", "operator": "Utah Department of Transportation"}}, {"type": "Feature", "geometry": {"type": "Point", "coordinates": [-111.9347346, 40.8360237]}, "properties": {"osm_id": 12646600775, "type": "public", "operator": "Unknown"}}, {"type": "Feature", "geometry": {"type": "Point", "coordinates": [-111.9084071, 40.861696]}, "properties": {"osm_id": 12646600776, "type": "public", "operator": "Unknown"}}, {"type": "Feature", "geometry": {"type": "Point", "coordinates": [-113.649965, 37.5322693]}, "properties": {"osm_id": 12647089416, "type": "public", "operator": "Utah Department of Transportation"}}, {"type": "Feature", "geometry": {"type": "Point", "coordinates": [-113.6608006, 37.1464241]}, "properties": {"osm_id": 12647097982, "type": "public", "operator": "Utah Department of Transportation"}}, {"type": "Feature", "geometry": {"type": "Point", "coordinates": [-113.6382653, 37.1265719]}, "properties": {"osm_id": 12647109800, "type": "public", "operator": "Utah Department of Transportation"}}, {"type": "Feature", "geometry": {"type": "Point", "coordinates": [-113.6032268, 37.1336722]}, "properties": {"osm_id": 12647117245, "type": "public", "operator": "Utah Department of Transportation"}}, {"type": "Feature", "geometry": {"type": "Point", "coordinates": [-113.6221795, 37.1413622]}, "properties": {"osm_id": 12647119722, "type": "public", "operator": "Utah Department of Transportation"}}, {"type": "Feature", "geometry": {"type": "Point", "coordinates": [-113.6357547, 37.1258507]}, "properties": {"osm_id": 12647119780, "type": "public", "operator": "Utah Department of Transportation"}}, {"type": "Feature", "geometry": {"type": "Point", "coordinates": [-113.6128375, 37.133774]}, "properties": {"osm_id": 12647127220, "type": "public", "operator": "Utah Department of Transportation"}}, {"type": "Feature", "geometry": {"type": "Point", "coordinates": [-113.6240118, 37.1226945]}, "properties": {"osm_id": 12647131921, "type": "public", "operator": "Utah Department of Transportation"}}, {"type": "Feature", "geometry": {"type": "Point", "coordinates": [-113.6164641, 37.1225619]}, "properties": {"osm_id": 12647143885, "type": "public", "operator": "Utah Department of Transportation"}}, {"type": "Feature", "geometry": {"type": "Point", "coordinates": [-113.6005217, 37.1243118]}, "properties": {"osm_id": 12647145407, "type": "public", "operator": "Utah Department of Transportation"}}, {"type": "Feature", "geometry": {"type": "Point", "coordinates": [-113.6021978, 37.1248522]}, "properties": {"osm_id": 12647145425, "type": "public", "operator": "Utah Department of Transportation"}}, {"type": "Feature", "geometry": {"type": "Point", "coordinates": [-111.9401679, 40.6677795]}, "properties": {"osm_id": 12647153795, "type": "public", "operator": "Unknown"}}, {"type": "Feature", "geometry": {"type": "Point", "coordinates": [-112.0246866, 40.7006991]}, "properties": {"osm_id": 12647153796, "type": "public", "operator": "Unknown"}}, {"type": "Feature", "geometry": {"type": "Point", "coordinates": [-111.9788922, 40.6822408]}, "properties": {"osm_id": 12647153797, "type": "public", "operator": "Unknown"}}, {"type": "Feature", "geometry": {"type": "Point", "coordinates": [-113.6232843, 37.1041927]}, "properties": {"osm_id": 12647587368, "type": "public", "operator": "Utah Department of Transportation"}}, {"type": "Feature", "geometry": {"type": "Point", "coordinates": [-111.9508577, 40.6822908]}, "properties": {"osm_id": 12648537874, "type": "public", "operator": "Unknown"}}, {"type": "Feature", "geometry": {"type": "Point", "coordinates": [-111.9390936, 40.6973395]}, "properties": {"osm_id": 12648537875, "type": "public", "operator": "Unknown"}}, {"type": "Feature", "geometry": {"type": "Point", "coordinates": [-111.9386685, 40.6621941]}, "properties": {"osm_id": 12648559438, "type": "public", "operator": "Unknown"}}, {"type": "Feature", "geometry": {"type": "Point", "coordinates": [-111.9386543, 40.6481371]}, "properties": {"osm_id": 12648559439, "type": "public", "operator": "Unknown"}}, {"type": "Feature", "geometry": {"type": "Point", "coordinates": [-111.939065, 40.6832926]}, "properties": {"osm_id": 12648559440, "type": "public", "operator": "Unknown"}}, {"type": "Feature", "geometry": {"type": "Point", "coordinates": [-111.9424435, 40.6964866]}, "properties": {"osm_id": 12648559441, "type": "public", "operator": "Unknown"}}, {"type": "Feature", "geometry": {"type": "Point", "coordinates": [-111.8654984, 40.375544]}, "properties": {"osm_id": 12650349471, "type": "private", "operator": "Shiny Shell Carwash"}}, {"type": "Feature", "geometry": {"type": "Point", "coordinates": [-111.8654995, 40.3755127]}, "properties": {"osm_id": 12650349473, "type": "private", "operator": "Shiny Shell Carwash"}}, {"type": "Feature", "geometry": {"type": "Point", "coordinates": [-111.9297996, 40.6532686]}, "properties": {"osm_id": 12650495997, "type": "public", "operator": "Unknown"}}, {"type": "Feature", "geometry": {"type": "Point", "coordinates": [-111.967311, 40.6532845]}, "properties": {"osm_id": 12650495998, "type": "public", "operator": "Unknown"}}, {"type": "Feature", "geometry": {"type": "Point", "coordinates": [-111.9675702, 40.6698474]}, "properties": {"osm_id": 12650495999, "type": "public", "operator": "Unknown"}}, {"type": "Feature", "geometry": {"type": "Point", "coordinates": [-111.9497602, 40.6532113]}, "properties": {"osm_id": 12650496000, "type": "public", "operator": "Unknown"}}, {"type": "Feature", "geometry": {"type": "Point", "coordinates": [-113.5916276, 37.0772286]}, "properties": {"osm_id": 12651048289, "type": "public", "operator": "Utah Department of Transportation"}}, {"type": "Feature", "geometry": {"type": "Point", "coordinates": [-111.9455593, 40.6675175]}, "properties": {"osm_id": 12651077118, "type": "public", "operator": "Unknown"}}, {"type": "Feature", "geometry": {"type": "Point", "coordinates": [-111.9230323, 40.6531799]}, "properties": {"osm_id": 12651077119, "type": "public", "operator": "Unknown"}}, {"type": "Feature", "geometry": {"type": "Point", "coordinates": [-111.8884345, 40.7303798]}, "properties": {"osm_id": 12651077120, "type": "public", "operator": "Unknown"}}, {"type": "Feature", "geometry": {"type": "Point", "coordinates": [-111.8880364, 40.7379223]}, "properties": {"osm_id": 12651077121, "type": "public", "operator": "Unknown"}}, {"type": "Feature", "geometry": {"type": "Point", "coordinates": [-111.8910232, 40.593874]}, "properties": {"osm_id": 12651077123, "type": "public", "operator": "Unknown"}}, {"type": "Feature", "geometry": {"type": "Point", "coordinates": [-113.6198279, 37.0984356]}, "properties": {"osm_id": 12651081712, "type": "public", "operator": "Utah Department of Transportation"}}, {"type": "Feature", "geometry": {"type": "Point", "coordinates": [-113.6039251, 37.0811777]}, "properties": {"osm_id": 12651100309, "type": "public", "operator": "Utah Department of Transportation"}}, {"type": "Feature", "geometry": {"type": "Point", "coordinates": [-113.5973253, 37.0761088]}, "properties": {"osm_id": 12651117248, "type": "public", "operator": "Utah Department of Transportation"}}, {"type": "Feature", "geometry": {"type": "Point", "coordinates": [-113.6154371, 37.0920858]}, "properties": {"osm_id": 12651117797, "type": "public", "operator": "Utah Department of Transportation"}}, {"type": "Feature", "geometry": {"type": "Point", "coordinates": [-113.5853217, 37.0751239]}, "properties": {"osm_id": 12651132251, "type": "public", "operator": "Utah Department of Transportation"}}, {"type": "Feature", "geometry": {"type": "Point", "coordinates": [-113.5970348, 37.1165409]}, "properties": {"osm_id": 12651144291, "type": "public", "operator": "Utah Department of Transportation"}}, {"type": "Feature", "geometry": {"type": "Point", "coordinates": [-113.5936125, 37.1098151]}, "properties": {"osm_id": 12651148390, "type": "public", "operator": "Utah Department of Transportation"}}, {"type": "Feature", "geometry": {"type": "Point", "coordinates": [-113.581837, 37.1176123]}, "properties": {"osm_id": 12651167734, "type": "public", "operator": "Utah Department of Transportation"}}, {"type": "Feature", "geometry": {"type": "Point", "coordinates": [-113.5747232, 37.1099784]}, "properties": {"osm_id": 12651178841, "type": "public", "operator": "Utah Department of Transportation"}}, {"type": "Feature", "geometry": {"type": "Point", "coordinates": [-113.5618958, 37.1099901]}, "properties": {"osm_id": 12651178885, "type": "public", "operator": "Utah Department of Transportation"}}, {"type": "Feature", "geometry": {"type": "Point", "coordinates": [-113.5834523, 37.1100265]}, "properties": {"osm_id": 12651212263, "type": "public", "operator": "Utah Department of Transportation"}}, {"type": "Feature", "geometry": {"type": "Point", "coordinates": [-113.568334, 37.1099521]}, "properties": {"osm_id": 12651413245, "type": "public", "operator": "Utah Department of Transportation"}}, {"type": "Feature", "geometry": {"type": "Point", "coordinates": [-113.5592756, 37.1096794]}, "properties": {"osm_id": 12651669013, "type": "public", "operator": "Utah Department of Transportation"}}, {"type": "Feature", "geometry": {"type": "Point", "coordinates": [-113.5567207, 37.1096197]}, "properties": {"osm_id": 12651669014, "type": "public", "operator": "Utah Department of Transportation"}}, {"type": "Feature", "geometry": {"type": "Point", "coordinates": [-113.5548949, 37.1099697]}, "properties": {"osm_id": 12651677544, "type": "public", "operator": "Utah Department of Transportation"}}, {"type": "Feature", "geometry": {"type": "Point", "coordinates": [-113.6026716, 37.0307953]}, "properties": {"osm_id": 12652238892, "type": "public", "operator": "Utah Department of Transportation"}}, {"type": "Feature", "geometry": {"type": "Point", "coordinates": [-113.6213723, 37.0017776]}, "properties": {"osm_id": 12652269339, "type": "public", "operator": "Utah Department of Transportation"}}, {"type": "Feature", "geometry": {"type": "Point", "coordinates": [-113.6169741, 37.0086781]}, "properties": {"osm_id": 12652271231, "type": "public", "operator": "Utah Department of Transportation"}}, {"type": "Feature", "geometry": {"type": "Point", "coordinates": [-113.6128561, 37.01508]}, "properties": {"osm_id": 12652271267, "type": "public", "operator": "Utah Department of Transportation"}}, {"type": "Feature", "geometry": {"type": "Point", "coordinates": [-113.6048328, 37.0273226]}, "properties": {"osm_id": 12652298347, "type": "public", "operator": "Utah Department of Transportation"}}, {"type": "Feature", "geometry": {"type": "Point", "coordinates": [-113.5882395, 37.0502452]}, "properties": {"osm_id": 12652304784, "type": "public", "operator": "Utah Department of Transportation"}}, {"type": "Feature", "geometry": {"type": "Point", "coordinates": [-113.5975286, 37.0393183]}, "properties": {"osm_id": 12652311028, "type": "public", "operator": "Utah Department of Transportation"}}, {"type": "Feature", "geometry": {"type": "Point", "coordinates": [-113.584134, 37.0594889]}, "properties": {"osm_id": 12652320391, "type": "public", "operator": "Utah Department of Transportation"}}, {"type": "Feature", "geometry": {"type": "Point", "coordinates": [-113.5847294, 37.0596047]}, "properties": {"osm_id": 12652320392, "type": "public", "operator": "Utah Department of Transportation"}}, {"type": "Feature", "geometry": {"type": "Point", "coordinates": [-113.5924198, 37.0125636]}, "properties": {"osm_id": 12652337269, "type": "public", "operator": "Utah Department of Transportation"}}, {"type": "Feature", "geometry": {"type": "Point", "coordinates": [-113.5368562, 37.0049478]}, "properties": {"osm_id": 12652389124, "type": "public", "operator": "Utah Department of Transportation"}}, {"type": "Feature", "geometry": {"type": "Point", "coordinates": [-113.4937935, 37.0145763]}, "properties": {"osm_id": 12652406948, "type": "public", "operator": "Utah Department of Transportation"}}, {"type": "Feature", "geometry": {"type": "Point", "coordinates": [-113.5604472, 37.0010055]}, "properties": {"osm_id": 12652417352, "type": "public", "operator": "Utah Department of Transportation"}}, {"type": "Feature", "geometry": {"type": "Point", "coordinates": [-113.513225, 37.0084949]}, "properties": {"osm_id": 12652422745, "type": "public", "operator": "Utah Department of Transportation"}}, {"type": "Feature", "geometry": {"type": "Point", "coordinates": [-113.4956415, 37.0151467]}, "properties": {"osm_id": 12652422749, "type": "public", "operator": "Utah Department of Transportation"}}, {"type": "Feature", "geometry": {"type": "Point", "coordinates": [-113.5000521, 37.0104692]}, "properties": {"osm_id": 12652430655, "type": "public", "operator": "Utah Department of Transportation"}}, {"type": "Feature", "geometry": {"type": "Point", "coordinates": [-111.9836833, 40.667372]}, "properties": {"osm_id": 12654101965, "type": "public", "operator": "Unknown"}}, {"type": "Feature", "geometry": {"type": "Point", "coordinates": [-111.977168, 40.6852062]}, "properties": {"osm_id": 12654101966, "type": "public", "operator": "Unknown"}}, {"type": "Feature", "geometry": {"type": "Point", "coordinates": [-112.1097951, 39.2510752]}, "properties": {"osm_id": 12654153516, "type": "Camera", "operator": "Unknown"}}, {"type": "Feature", "geometry": {"type": "Point", "coordinates": [-112.1097944, 39.251055]}, "properties": {"osm_id": 12654153517, "type": "Camera", "operator": "Unknown"}}, {"type": "Feature", "geometry": {"type": "Point", "coordinates": [-113.5681555, 37.0560958]}, "properties": {"osm_id": 12655292248, "type": "public", "operator": "Utah Department of Transportation"}}, {"type": "Feature", "geometry": {"type": "Point", "coordinates": [-113.5840804, 37.0689496]}, "properties": {"osm_id": 12655294314, "type": "public", "operator": "Utah Department of Transportation"}}, {"type": "Feature", "geometry": {"type": "Point", "coordinates": [-113.5636728, 37.0523324]}, "properties": {"osm_id": 12655390475, "type": "public", "operator": "Utah Department of Transportation"}}, {"type": "Feature", "geometry": {"type": "Point", "coordinates": [-113.548653, 37.066729]}, "properties": {"osm_id": 12655404379, "type": "public", "operator": "Utah Department of Transportation"}}, {"type": "Feature", "geometry": {"type": "Point", "coordinates": [-113.5556463, 37.0518589]}, "properties": {"osm_id": 12655429524, "type": "public", "operator": "Utah Department of Transportation"}}, {"type": "Feature", "geometry": {"type": "Point", "coordinates": [-113.5453196, 37.0596005]}, "properties": {"osm_id": 12655433773, "type": "public", "operator": "Utah Department of Transportation"}}, {"type": "Feature", "geometry": {"type": "Point", "coordinates": [-113.5554466, 37.0847058]}, "properties": {"osm_id": 12655469352, "type": "public", "operator": "Utah Department of Transportation"}}, {"type": "Feature", "geometry": {"type": "Point", "coordinates": [-113.5536826, 37.074784]}, "properties": {"osm_id": 12655469660, "type": "public", "operator": "Utah Department of Transportation"}}, {"type": "Feature", "geometry": {"type": "Point", "coordinates": [-113.5539406, 37.07967]}, "properties": {"osm_id": 12655493020, "type": "public", "operator": "Utah Department of Transportation"}}, {"type": "Feature", "geometry": {"type": "Point", "coordinates": [-113.557319, 37.0960531]}, "properties": {"osm_id": 12655503397, "type": "public", "operator": "Utah Department of Transportation"}}, {"type": "Feature", "geometry": {"type": "Point", "coordinates": [-113.5568155, 37.0889298]}, "properties": {"osm_id": 12655513384, "type": "public", "operator": "Utah Department of Transportation"}}, {"type": "Feature", "geometry": {"type": "Point", "coordinates": [-113.5558546, 37.1062377]}, "properties": {"osm_id": 12655546017, "type": "public", "operator": "Utah Department of Transportation"}}, {"type": "Feature", "geometry": {"type": "Point", "coordinates": [-113.5818018, 37.0815888]}, "properties": {"osm_id": 12655577719, "type": "public", "operator": "Utah Department of Transportation"}}, {"type": "Feature", "geometry": {"type": "Point", "coordinates": [-113.5686568, 37.0871092]}, "properties": {"osm_id": 12655615460, "type": "public", "operator": "Utah Department of Transportation"}}, {"type": "Feature", "geometry": {"type": "Point", "coordinates": [-113.5503519, 37.0958726]}, "properties": {"osm_id": 12655653735, "type": "public", "operator": "Utah Department of Transportation"}}, {"type": "Feature", "geometry": {"type": "Point", "coordinates": [-113.5831823, 37.1066121]}, "properties": {"osm_id": 12655664793, "type": "public", "operator": "Utah Department of Transportation"}}, {"type": "Feature", "geometry": {"type": "Point", "coordinates": [-113.545205, 37.0940387]}, "properties": {"osm_id": 12655677724, "type": "public", "operator": "Utah Department of Transportation"}}, {"type": "Feature", "geometry": {"type": "Point", "coordinates": [-113.5750774, 37.1063301]}, "properties": {"osm_id": 12655701645, "type": "public", "operator": "Utah Department of Transportation"}}, {"type": "Feature", "geometry": {"type": "Point", "coordinates": [-113.5683292, 37.1063374]}, "properties": {"osm_id": 12655725101, "type": "public", "operator": "Utah Department of Transportation"}}, {"type": "Feature", "geometry": {"type": "Point", "coordinates": [-113.562296, 37.1120343]}, "properties": {"osm_id": 12655735391, "type": "public", "operator": "Utah Department of Transportation"}}, {"type": "Feature", "geometry": {"type": "Point", "coordinates": [-113.5871708, 37.0962425]}, "properties": {"osm_id": 12655849744, "type": "public", "operator": "Utah Department of Transportation"}}, {"type": "Feature", "geometry": {"type": "Point", "coordinates": [-113.5835495, 37.0962139]}, "properties": {"osm_id": 12655849745, "type": "public", "operator": "Utah Department of Transportation"}}, {"type": "Feature", "geometry": {"type": "Point", "coordinates": [-113.5746975, 37.0961769]}, "properties": {"osm_id": 12655849746, "type": "public", "operator": "Utah Department of Transportation"}}, {"type": "Feature", "geometry": {"type": "Point", "coordinates": [-113.5684447, 37.0961728]}, "properties": {"osm_id": 12655849747, "type": "public", "operator": "Utah Department of Transportation"}}, {"type": "Feature", "geometry": {"type": "Point", "coordinates": [-113.5650863, 37.0964378]}, "properties": {"osm_id": 12655849748, "type": "public", "operator": "Utah Department of Transportation"}}, {"type": "Feature", "geometry": {"type": "Point", "coordinates": [-111.9729472, 40.6967902]}, "properties": {"osm_id": 12657755280, "type": "public", "operator": "Unknown"}}, {"type": "Feature", "geometry": {"type": "Point", "coordinates": [-112.004788, 40.6966841]}, "properties": {"osm_id": 12657755281, "type": "public", "operator": "Unknown"}}, {"type": "Feature", "geometry": {"type": "Point", "coordinates": [-112.0293951, 40.6819477]}, "properties": {"osm_id": 12657755283, "type": "public", "operator": "Unknown"}}, {"type": "Feature", "geometry": {"type": "Point", "coordinates": [-111.8714565, 40.7203954]}, "properties": {"osm_id": 12657755284, "type": "public", "operator": "Unknown"}}, {"type": "Feature", "geometry": {"type": "Point", "coordinates": [-113.5538552, 37.1145188]}, "properties": {"osm_id": 12662354199, "type": "public", "operator": "Utah Department of Transportation"}}, {"type": "Feature", "geometry": {"type": "Point", "coordinates": [-113.547405, 37.1191124]}, "properties": {"osm_id": 12662358590, "type": "public", "operator": "Utah Department of Transportation"}}, {"type": "Feature", "geometry": {"type": "Point", "coordinates": [-113.5455811, 37.1179446]}, "properties": {"osm_id": 12662361293, "type": "public", "operator": "Utah Department of Transportation"}}, {"type": "Feature", "geometry": {"type": "Point", "coordinates": [-113.5323769, 37.1241953]}, "properties": {"osm_id": 12662363039, "type": "public", "operator": "Utah Department of Transportation"}}, {"type": "Feature", "geometry": {"type": "Point", "coordinates": [-113.5477886, 37.1176046]}, "properties": {"osm_id": 12662365328, "type": "public", "operator": "Utah Department of Transportation"}}, {"type": "Feature", "geometry": {"type": "Point", "coordinates": [-113.5397212, 37.1209989]}, "properties": {"osm_id": 12662399787, "type": "public", "operator": "Utah Department of Transportation"}}, {"type": "Feature", "geometry": {"type": "Point", "coordinates": [-113.4868545, 37.1467742]}, "properties": {"osm_id": 12662402665, "type": "public", "operator": "Utah Department of Transportation"}}, {"type": "Feature", "geometry": {"type": "Point", "coordinates": [-113.5185233, 37.1328667]}, "properties": {"osm_id": 12662420186, "type": "public", "operator": "Utah Department of Transportation"}}, {"type": "Feature", "geometry": {"type": "Point", "coordinates": [-113.5263311, 37.1296085]}, "properties": {"osm_id": 12662423314, "type": "public", "operator": "Utah Department of Transportation"}}, {"type": "Feature", "geometry": {"type": "Point", "coordinates": [-113.5237347, 37.1273652]}, "properties": {"osm_id": 12662423315, "type": "public", "operator": "Utah Department of Transportation"}}, {"type": "Feature", "geometry": {"type": "Point", "coordinates": [-113.5107468, 37.1401391]}, "properties": {"osm_id": 12662426948, "type": "public", "operator": "Utah Department of Transportation"}}, {"type": "Feature", "geometry": {"type": "Point", "coordinates": [-113.5228257, 37.0958772]}, "properties": {"osm_id": 12662451994, "type": "public", "operator": "Utah Department of Transportation"}}, {"type": "Feature", "geometry": {"type": "Point", "coordinates": [-113.510123, 37.1304148]}, "properties": {"osm_id": 12662468657, "type": "public", "operator": "Utah Department of Transportation"}}, {"type": "Feature", "geometry": {"type": "Point", "coordinates": [-113.4855632, 37.1315241]}, "properties": {"osm_id": 12662472526, "type": "public", "operator": "Utah Department of Transportation"}}, {"type": "Feature", "geometry": {"type": "Point", "coordinates": [-113.5050984, 37.1303926]}, "properties": {"osm_id": 12662476300, "type": "public", "operator": "Utah Department of Transportation"}}, {"type": "Feature", "geometry": {"type": "Point", "coordinates": [-113.5206554, 37.1235846]}, "properties": {"osm_id": 12662476685, "type": "public", "operator": "Utah Department of Transportation"}}, {"type": "Feature", "geometry": {"type": "Point", "coordinates": [-113.5208777, 37.1167093]}, "properties": {"osm_id": 12662476689, "type": "public", "operator": "Utah Department of Transportation"}}, {"type": "Feature", "geometry": {"type": "Point", "coordinates": [-113.5370855, 37.0999954]}, "properties": {"osm_id": 12662546120, "type": "public", "operator": "Utah Department of Transportation"}}, {"type": "Feature", "geometry": {"type": "Point", "coordinates": [-113.530232, 37.1042132]}, "properties": {"osm_id": 12662548402, "type": "public", "operator": "Utah Department of Transportation"}}, {"type": "Feature", "geometry": {"type": "Point", "coordinates": [-113.5343447, 37.097551]}, "properties": {"osm_id": 12662556653, "type": "public", "operator": "Utah Department of Transportation"}}, {"type": "Feature", "geometry": {"type": "Point", "coordinates": [-112.0486443, 40.5661588]}, "properties": {"osm_id": 12669081785, "type": "public", "operator": "Unknown"}}, {"type": "Feature", "geometry": {"type": "Point", "coordinates": [-112.0617187, 40.565922]}, "properties": {"osm_id": 12669084807, "type": "public", "operator": "Unknown"}}, {"type": "Feature", "geometry": {"type": "Point", "coordinates": [-112.0619182, 40.5731378]}, "properties": {"osm_id": 12669088100, "type": "public", "operator": "Unknown"}}, {"type": "Feature", "geometry": {"type": "Point", "coordinates": [-111.939565, 40.6494879]}, "properties": {"osm_id": 12672389950, "type": "public", "operator": "Unknown"}}, {"type": "Feature", "geometry": {"type": "Point", "coordinates": [-111.872365, 40.6106397]}, "properties": {"osm_id": 12672389952, "type": "public", "operator": "Unknown"}}, {"type": "Feature", "geometry": {"type": "Point", "coordinates": [-111.90712, 40.6672548]}, "properties": {"osm_id": 12673200763, "type": "public", "operator": "Unknown"}}, {"type": "Feature", "geometry": {"type": "Point", "coordinates": [-113.4997025, 37.1037287]}, "properties": {"osm_id": 12674334362, "type": "public", "operator": "Utah Department of Transportation"}}, {"type": "Feature", "geometry": {"type": "Point", "coordinates": [-113.4997801, 37.0817726]}, "properties": {"osm_id": 12674336178, "type": "public", "operator": "Utah Department of Transportation"}}, {"type": "Feature", "geometry": {"type": "Point", "coordinates": [-113.4795055, 37.1537545]}, "properties": {"osm_id": 12674344131, "type": "public", "operator": "Utah Department of Transportation"}}, {"type": "Feature", "geometry": {"type": "Point", "coordinates": [-113.5021938, 37.1170734]}, "properties": {"osm_id": 12674351396, "type": "public", "operator": "Utah Department of Transportation"}}, {"type": "Feature", "geometry": {"type": "Point", "coordinates": [-113.4684978, 37.1383266]}, "properties": {"osm_id": 12674351741, "type": "public", "operator": "Utah Department of Transportation"}}, {"type": "Feature", "geometry": {"type": "Point", "coordinates": [-113.5002979, 37.1085337]}, "properties": {"osm_id": 12674363320, "type": "public", "operator": "Utah Department of Transportation"}}, {"type": "Feature", "geometry": {"type": "Point", "coordinates": [-113.4353078, 37.1602442]}, "properties": {"osm_id": 12674363935, "type": "public", "operator": "Utah Department of Transportation"}}, {"type": "Feature", "geometry": {"type": "Point", "coordinates": [-113.4502816, 37.1668181]}, "properties": {"osm_id": 12674372984, "type": "public", "operator": "Utah Department of Transportation"}}, {"type": "Feature", "geometry": {"type": "Point", "coordinates": [-113.4587828, 37.1631937]}, "properties": {"osm_id": 12674376722, "type": "public", "operator": "Utah Department of Transportation"}}, {"type": "Feature", "geometry": {"type": "Point", "coordinates": [-113.47306, 37.1589399]}, "properties": {"osm_id": 12674378909, "type": "public", "operator": "Utah Department of Transportation"}}, {"type": "Feature", "geometry": {"type": "Point", "coordinates": [-113.3463637, 37.1734846]}, "properties": {"osm_id": 12674411822, "type": "public", "operator": "Utah Department of Transportation"}}, {"type": "Feature", "geometry": {"type": "Point", "coordinates": [-113.408121, 37.1680947]}, "properties": {"osm_id": 12674413107, "type": "public", "operator": "Utah Department of Transportation"}}, {"type": "Feature", "geometry": {"type": "Point", "coordinates": [-113.3736032, 37.167366]}, "properties": {"osm_id": 12674419858, "type": "public", "operator": "Utah Department of Transportation"}}, {"type": "Feature", "geometry": {"type": "Point", "coordinates": [-113.389531, 37.1614799]}, "properties": {"osm_id": 12674423571, "type": "public", "operator": "Utah Department of Transportation"}}, {"type": "Feature", "geometry": {"type": "Point", "coordinates": [-113.3380884, 37.1753787]}, "properties": {"osm_id": 12676717525, "type": "public", "operator": "Utah Department of Transportation"}}, {"type": "Feature", "geometry": {"type": "Point", "coordinates": [-113.3293324, 37.1765637]}, "properties": {"osm_id": 12676760478, "type": "public", "operator": "Utah Department of Transportation"}}, {"type": "Feature", "geometry": {"type": "Point", "coordinates": [-113.3007074, 37.1763643]}, "properties": {"osm_id": 12676808532, "type": "public", "operator": "Utah Department of Transportation"}}, {"type": "Feature", "geometry": {"type": "Point", "coordinates": [-113.3143428, 37.1762896]}, "properties": {"osm_id": 12676825882, "type": "public", "operator": "Utah Department of Transportation"}}, {"type": "Feature", "geometry": {"type": "Point", "coordinates": [-113.3099776, 37.1766057]}, "properties": {"osm_id": 12676830597, "type": "public", "operator": "Utah Department of Transportation"}}, {"type": "Feature", "geometry": {"type": "Point", "coordinates": [-113.2818556, 37.1839692]}, "properties": {"osm_id": 12676865469, "type": "public", "operator": "Utah Department of Transportation"}}, {"type": "Feature", "geometry": {"type": "Point", "coordinates": [-113.2879588, 37.1764381]}, "properties": {"osm_id": 12676874544, "type": "public", "operator": "Utah Department of Transportation"}}, {"type": "Feature", "geometry": {"type": "Point", "coordinates": [-113.2722217, 37.2015086]}, "properties": {"osm_id": 12676904144, "type": "public", "operator": "Utah Department of Transportation"}}, {"type": "Feature", "geometry": {"type": "Point", "coordinates": [-113.3732295, 37.2295779]}, "properties": {"osm_id": 12676932974, "type": "public", "operator": "Utah Department of Transportation"}}, {"type": "Feature", "geometry": {"type": "Point", "coordinates": [-113.2720527, 37.210716]}, "properties": {"osm_id": 12676943720, "type": "public", "operator": "Utah Department of Transportation"}}, {"type": "Feature", "geometry": {"type": "Point", "coordinates": [-113.3575868, 37.2420803]}, "properties": {"osm_id": 12676965146, "type": "public", "operator": "Utah Department of Transportation"}}, {"type": "Feature", "geometry": {"type": "Point", "coordinates": [-113.3193004, 37.2702433]}, "properties": {"osm_id": 12676976681, "type": "public", "operator": "Utah Department of Transportation"}}, {"type": "Feature", "geometry": {"type": "Point", "coordinates": [-113.305872, 37.2838786]}, "properties": {"osm_id": 12676994758, "type": "public", "operator": "Utah Department of Transportation"}}, {"type": "Feature", "geometry": {"type": "Point", "coordinates": [-113.2959392, 37.3109996]}, "properties": {"osm_id": 12677022542, "type": "public", "operator": "Utah Department of Transportation"}}, {"type": "Feature", "geometry": {"type": "Point", "coordinates": [-113.2131347, 37.5086551]}, "properties": {"osm_id": 12677037770, "type": "public", "operator": "Utah Department of Transportation"}}, {"type": "Feature", "geometry": {"type": "Point", "coordinates": [-113.2383393, 37.4051595]}, "properties": {"osm_id": 12677060928, "type": "public", "operator": "Utah Department of Transportation"}}, {"type": "Feature", "geometry": {"type": "Point", "coordinates": [-113.2329239, 37.4384406]}, "properties": {"osm_id": 12677062585, "type": "public", "operator": "Utah Department of Transportation"}}, {"type": "Feature", "geometry": {"type": "Point", "coordinates": [-113.2347726, 37.4117274]}, "properties": {"osm_id": 12677078753, "type": "public", "operator": "Utah Department of Transportation"}}, {"type": "Feature", "geometry": {"type": "Point", "coordinates": [-113.2286278, 37.4513345]}, "properties": {"osm_id": 12677087364, "type": "public", "operator": "Utah Department of Transportation"}}, {"type": "Feature", "geometry": {"type": "Point", "coordinates": [-113.2204785, 37.4818056]}, "properties": {"osm_id": 12677116335, "type": "public", "operator": "Utah Department of Transportation"}}, {"type": "Feature", "geometry": {"type": "Point", "coordinates": [-113.0646702, 37.6657995]}, "properties": {"osm_id": 12679936072, "type": "public", "operator": "Utah Department of Transportation"}}, {"type": "Feature", "geometry": {"type": "Point", "coordinates": [-113.0825083, 37.6547099]}, "properties": {"osm_id": 12679936348, "type": "public", "operator": "Utah Department of Transportation"}}, {"type": "Feature", "geometry": {"type": "Point", "coordinates": [-113.0798007, 37.6540113]}, "properties": {"osm_id": 12679936350, "type": "public", "operator": "Utah Department of Transportation"}}, {"type": "Feature", "geometry": {"type": "Point", "coordinates": [-113.1207223, 37.6283383]}, "properties": {"osm_id": 12679944533, "type": "public", "operator": "Utah Department of Transportation"}}, {"type": "Feature", "geometry": {"type": "Point", "coordinates": [-113.0670166, 37.6739131]}, "properties": {"osm_id": 12680140340, "type": "public", "operator": "Utah Department of Transportation"}}, {"type": "Feature", "geometry": {"type": "Point", "coordinates": [-113.0618345, 37.673965]}, "properties": {"osm_id": 12680140426, "type": "public", "operator": "Utah Department of Transportation"}}, {"type": "Feature", "geometry": {"type": "Point", "coordinates": [-113.061926, 37.6772554]}, "properties": {"osm_id": 12680148812, "type": "public", "operator": "Utah Department of Transportation"}}, {"type": "Feature", "geometry": {"type": "Point", "coordinates": [-113.1108408, 37.684916]}, "properties": {"osm_id": 12680149393, "type": "public", "operator": "Utah Department of Transportation"}}, {"type": "Feature", "geometry": {"type": "Point", "coordinates": [-113.0667121, 37.6774963]}, "properties": {"osm_id": 12680184258, "type": "public", "operator": "Utah Department of Transportation"}}, {"type": "Feature", "geometry": {"type": "Point", "coordinates": [-113.0740378, 37.6769018]}, "properties": {"osm_id": 12680188419, "type": "public", "operator": "Utah Department of Transportation"}}, {"type": "Feature", "geometry": {"type": "Point", "coordinates": [-113.1062133, 37.6848699]}, "properties": {"osm_id": 12680266948, "type": "public", "operator": "Utah Department of Transportation"}}, {"type": "Feature", "geometry": {"type": "Point", "coordinates": [-113.0916922, 37.6832617]}, "properties": {"osm_id": 12680354719, "type": "public", "operator": "Utah Department of Transportation"}}, {"type": "Feature", "geometry": {"type": "Point", "coordinates": [-113.0861514, 37.6810974]}, "properties": {"osm_id": 12680389521, "type": "public", "operator": "Utah Department of Transportation"}}, {"type": "Feature", "geometry": {"type": "Point", "coordinates": [-113.0817139, 37.6809578]}, "properties": {"osm_id": 12680427740, "type": "public", "operator": "Unknown"}}, {"type": "Feature", "geometry": {"type": "Point", "coordinates": [-113.0790788, 37.6809981]}, "properties": {"osm_id": 12680427742, "type": "public", "operator": "Utah Department of Transportation"}}, {"type": "Feature", "geometry": {"type": "Point", "coordinates": [-113.0668162, 37.6810459]}, "properties": {"osm_id": 12680433558, "type": "public", "operator": "Utah Department of Transportation"}}, {"type": "Feature", "geometry": {"type": "Point", "coordinates": [-113.0620357, 37.6810603]}, "properties": {"osm_id": 12680437946, "type": "public", "operator": "Utah Department of Transportation"}}, {"type": "Feature", "geometry": {"type": "Point", "coordinates": [-113.0617302, 37.686344]}, "properties": {"osm_id": 12680456815, "type": "public", "operator": "Utah Department of Transportation"}}, {"type": "Feature", "geometry": {"type": "Point", "coordinates": [-113.0629393, 37.6950903]}, "properties": {"osm_id": 12680498513, "type": "public", "operator": "Utah Department of Transportation"}}, {"type": "Feature", "geometry": {"type": "Point", "coordinates": [-113.0642357, 37.7009327]}, "properties": {"osm_id": 12680530705, "type": "public", "operator": "Utah Department of Transportation"}}, {"type": "Feature", "geometry": {"type": "Point", "coordinates": [-113.0873098, 37.6963109]}, "properties": {"osm_id": 12680595793, "type": "public", "operator": "Utah Department of Transportation"}}, {"type": "Feature", "geometry": {"type": "Point", "coordinates": [-113.0570155, 37.7197224]}, "properties": {"osm_id": 12680631374, "type": "public", "operator": "Utah Department of Transportation"}}, {"type": "Feature", "geometry": {"type": "Point", "coordinates": [-113.0665493, 37.7140075]}, "properties": {"osm_id": 12680641195, "type": "public", "operator": "Utah Department of Transportation"}}, {"type": "Feature", "geometry": {"type": "Point", "coordinates": [-113.0611692, 37.7124896]}, "properties": {"osm_id": 12680649926, "type": "public", "operator": "Utah Department of Transportation"}}, {"type": "Feature", "geometry": {"type": "Point", "coordinates": [-113.0540047, 37.7292641]}, "properties": {"osm_id": 12680791887, "type": "public", "operator": "Utah Department of Transportation"}}, {"type": "Feature", "geometry": {"type": "Point", "coordinates": [-113.0555393, 37.7315426]}, "properties": {"osm_id": 12680794292, "type": "public", "operator": "Utah Department of Transportation"}}, {"type": "Feature", "geometry": {"type": "Point", "coordinates": [-113.0554163, 37.7640644]}, "properties": {"osm_id": 12680797078, "type": "public", "operator": "Utah Department of Transportation"}}, {"type": "Feature", "geometry": {"type": "Point", "coordinates": [-112.9421264, 37.8056049]}, "properties": {"osm_id": 12680860787, "type": "public", "operator": "Utah Department of Transportation"}}, {"type": "Feature", "geometry": {"type": "Point", "coordinates": [-112.7654868, 37.9293497]}, "properties": {"osm_id": 12687370848, "type": "public", "operator": "Utah Department of Transportation"}}, {"type": "Feature", "geometry": {"type": "Point", "coordinates": [-112.7201674, 38.0125193]}, "properties": {"osm_id": 12687534760, "type": "public", "operator": "Utah Department of Transportation"}}, {"type": "Feature", "geometry": {"type": "Point", "coordinates": [-112.6878281, 38.0719715]}, "properties": {"osm_id": 12687603596, "type": "public", "operator": "Utah Department of Transportation"}}, {"type": "Feature", "geometry": {"type": "Point", "coordinates": [-112.6279281, 38.1307461]}, "properties": {"osm_id": 12687612828, "type": "public", "operator": "Utah Department of Transportation"}}, {"type": "Feature", "geometry": {"type": "Point", "coordinates": [-112.6563755, 38.3304621]}, "properties": {"osm_id": 12687619172, "type": "public", "operator": "Utah Department of Transportation"}}, {"type": "Feature", "geometry": {"type": "Point", "coordinates": [-112.6104991, 38.1498398]}, "properties": {"osm_id": 12687635058, "type": "public", "operator": "Utah Department of Transportation"}}, {"type": "Feature", "geometry": {"type": "Point", "coordinates": [-112.6250197, 38.1752627]}, "properties": {"osm_id": 12687638273, "type": "public", "operator": "Utah Department of Transportation"}}, {"type": "Feature", "geometry": {"type": "Point", "coordinates": [-112.6467975, 38.2021667]}, "properties": {"osm_id": 12687638281, "type": "public", "operator": "Utah Department of Transportation"}}, {"type": "Feature", "geometry": {"type": "Point", "coordinates": [-112.641064, 38.2740758]}, "properties": {"osm_id": 12687733853, "type": "public", "operator": "Utah Department of Transportation"}}, {"type": "Feature", "geometry": {"type": "Point", "coordinates": [-112.6508557, 38.2934248]}, "properties": {"osm_id": 12687825591, "type": "public", "operator": "Utah Department of Transportation"}}, {"type": "Feature", "geometry": {"type": "Point", "coordinates": [-112.6546256, 38.3149141]}, "properties": {"osm_id": 12687848495, "type": "public", "operator": "Utah Department of Transportation"}}, {"type": "Feature", "geometry": {"type": "Point", "coordinates": [-112.6556178, 38.3204338]}, "properties": {"osm_id": 12687848496, "type": "public", "operator": "Utah Department of Transportation"}}, {"type": "Feature", "geometry": {"type": "Point", "coordinates": [-112.6610684, 38.3598599]}, "properties": {"osm_id": 12687927159, "type": "public", "operator": "Utah Department of Transportation"}}, {"type": "Feature", "geometry": {"type": "Point", "coordinates": [-112.6598734, 38.3888471]}, "properties": {"osm_id": 12688013063, "type": "public", "operator": "Utah Department of Transportation"}}, {"type": "Feature", "geometry": {"type": "Point", "coordinates": [-112.6589081, 38.3463384]}, "properties": {"osm_id": 12688022487, "type": "public", "operator": "Utah Department of Transportation"}}, {"type": "Feature", "geometry": {"type": "Point", "coordinates": [-112.6527933, 38.4131964]}, "properties": {"osm_id": 12688030246, "type": "public", "operator": "Utah Department of Transportation"}}, {"type": "Feature", "geometry": {"type": "Point", "coordinates": [-112.6326154, 38.4361652]}, "properties": {"osm_id": 12688033587, "type": "public", "operator": "Utah Department of Transportation"}}, {"type": "Feature", "geometry": {"type": "Point", "coordinates": [-112.6290479, 38.4473689]}, "properties": {"osm_id": 12688033588, "type": "public", "operator": "Utah Department of Transportation"}}, {"type": "Feature", "geometry": {"type": "Point", "coordinates": [-112.6628745, 38.3744867]}, "properties": {"osm_id": 12688040427, "type": "public", "operator": "Utah Department of Transportation"}}, {"type": "Feature", "geometry": {"type": "Point", "coordinates": [-112.6462409, 38.4252079]}, "properties": {"osm_id": 12688059413, "type": "public", "operator": "Utah Department of Transportation"}}, {"type": "Feature", "geometry": {"type": "Point", "coordinates": [-112.61668, 38.4809551]}, "properties": {"osm_id": 12688068882, "type": "public", "operator": "Utah Department of Transportation"}}, {"type": "Feature", "geometry": {"type": "Point", "coordinates": [-112.6120623, 38.4745638]}, "properties": {"osm_id": 12688071341, "type": "public", "operator": "Utah Department of Transportation"}}, {"type": "Feature", "geometry": {"type": "Point", "coordinates": [-112.6138713, 38.5151442]}, "properties": {"osm_id": 12688082294, "type": "public", "operator": "Utah Department of Transportation"}}, {"type": "Feature", "geometry": {"type": "Point", "coordinates": [-112.6076251, 38.5474388]}, "properties": {"osm_id": 12688113418, "type": "public", "operator": "Utah Department of Transportation"}}, {"type": "Feature", "geometry": {"type": "Point", "coordinates": [-112.6038478, 38.5771288]}, "properties": {"osm_id": 12688127808, "type": "public", "operator": "Utah Department of Transportation"}}, {"type": "Feature", "geometry": {"type": "Point", "coordinates": [-112.6099158, 38.6169613]}, "properties": {"osm_id": 12690632175, "type": "public", "operator": "Utah Department of Transportation"}}, {"type": "Feature", "geometry": {"type": "Point", "coordinates": [-112.6083216, 38.600309]}, "properties": {"osm_id": 12690660810, "type": "public", "operator": "Utah Department of Transportation"}}, {"type": "Feature", "geometry": {"type": "Point", "coordinates": [-112.6096264, 38.6079848]}, "properties": {"osm_id": 12690660819, "type": "public", "operator": "Utah Department of Transportation"}}, {"type": "Feature", "geometry": {"type": "Point", "coordinates": [-112.568919, 38.59542]}, "properties": {"osm_id": 12690699867, "type": "public", "operator": "Utah Department of Transportation"}}, {"type": "Feature", "geometry": {"type": "Point", "coordinates": [-112.5945872, 38.6589841]}, "properties": {"osm_id": 12690710772, "type": "public", "operator": "Utah Department of Transportation"}}, {"type": "Feature", "geometry": {"type": "Point", "coordinates": [-112.5891182, 38.6656118]}, "properties": {"osm_id": 12690710773, "type": "public", "operator": "Utah Department of Transportation"}}, {"type": "Feature", "geometry": {"type": "Point", "coordinates": [-112.6078693, 38.6296348]}, "properties": {"osm_id": 12690743201, "type": "public", "operator": "Utah Department of Transportation"}}, {"type": "Feature", "geometry": {"type": "Point", "coordinates": [-112.6103863, 38.633879]}, "properties": {"osm_id": 12690743202, "type": "public", "operator": "Utah Department of Transportation"}}, {"type": "Feature", "geometry": {"type": "Point", "coordinates": [-112.5890927, 38.672771]}, "properties": {"osm_id": 12690756017, "type": "public", "operator": "Utah Department of Transportation"}}, {"type": "Feature", "geometry": {"type": "Point", "coordinates": [-112.6006155, 38.6837593]}, "properties": {"osm_id": 12690756025, "type": "public", "operator": "Utah Department of Transportation"}}, {"type": "Feature", "geometry": {"type": "Point", "coordinates": [-112.6007576, 38.6909457]}, "properties": {"osm_id": 12690758098, "type": "public", "operator": "Utah Department of Transportation"}}, {"type": "Feature", "geometry": {"type": "Point", "coordinates": [-112.5997834, 38.7123305]}, "properties": {"osm_id": 12690762643, "type": "public", "operator": "Utah Department of Transportation"}}, {"type": "Feature", "geometry": {"type": "Point", "coordinates": [-112.6027874, 38.6978068]}, "properties": {"osm_id": 12690765664, "type": "public", "operator": "Utah Department of Transportation"}}, {"type": "Feature", "geometry": {"type": "Point", "coordinates": [-112.5845648, 38.7377172]}, "properties": {"osm_id": 12690791377, "type": "public", "operator": "Utah Department of Transportation"}}, {"type": "Feature", "geometry": {"type": "Point", "coordinates": [-112.3714478, 38.9266141]}, "properties": {"osm_id": 12690841171, "type": "public", "operator": "Utah Department of Transportation"}}, {"type": "Feature", "geometry": {"type": "Point", "coordinates": [-112.1736238, 39.2032264]}, "properties": {"osm_id": 12691456823, "type": "public", "operator": "Utah Department of Transportation"}}, {"type": "Feature", "geometry": {"type": "Point", "coordinates": [-112.3044283, 39.0201691]}, "properties": {"osm_id": 12691483342, "type": "public", "operator": "Utah Department of Transportation"}}, {"type": "Feature", "geometry": {"type": "Point", "coordinates": [-112.1319394, 39.2376719]}, "properties": {"osm_id": 12691487122, "type": "public", "operator": "Utah Department of Transportation"}}, {"type": "Feature", "geometry": {"type": "Point", "coordinates": [-112.4093568, 39.1562362]}, "properties": {"osm_id": 12692025608, "type": "public", "operator": "Utah Department of Transportation"}}, {"type": "Feature", "geometry": {"type": "Point", "coordinates": [-112.0939315, 39.2798953]}, "properties": {"osm_id": 12693005364, "type": "public", "operator": "Utah Department of Transportation"}}, {"type": "Feature", "geometry": {"type": "Point", "coordinates": [-112.0058737, 39.4590239]}, "properties": {"osm_id": 12693056226, "type": "public", "operator": "Utah Department of Transportation"}}, {"type": "Feature", "geometry": {"type": "Point", "coordinates": [-111.916371, 39.5945223]}, "properties": {"osm_id": 12693087807, "type": "public", "operator": "Utah Department of Transportation"}}, {"type": "Feature", "geometry": {"type": "Point", "coordinates": [-112.051594, 39.409581]}, "properties": {"osm_id": 12693109962, "type": "public", "operator": "Utah Department of Transportation"}}, {"type": "Feature", "geometry": {"type": "Point", "coordinates": [-112.0793291, 39.3779377]}, "properties": {"osm_id": 12693119919, "type": "public", "operator": "Utah Department of Transportation"}}, {"type": "Feature", "geometry": {"type": "Point", "coordinates": [-111.9789457, 39.483188]}, "properties": {"osm_id": 12693227164, "type": "public", "operator": "Utah Department of Transportation"}}, {"type": "Feature", "geometry": {"type": "Point", "coordinates": [-111.8509093, 39.67416]}, "properties": {"osm_id": 12693314958, "type": "public", "operator": "Utah Department of Transportation"}}, {"type": "Feature", "geometry": {"type": "Point", "coordinates": [-111.8167985, 39.7104666]}, "properties": {"osm_id": 12693315600, "type": "public", "operator": "Utah Department of Transportation"}}, {"type": "Feature", "geometry": {"type": "Point", "coordinates": [-111.9050825, 39.6269897]}, "properties": {"osm_id": 12693319261, "type": "public", "operator": "Utah Department of Transportation"}}, {"type": "Feature", "geometry": {"type": "Point", "coordinates": [-111.7704981, 39.9757265]}, "properties": {"osm_id": 12693335989, "type": "public", "operator": "Utah Department of Transportation"}}, {"type": "Feature", "geometry": {"type": "Point", "coordinates": [-111.7725755, 39.9754362]}, "properties": {"osm_id": 12693335990, "type": "public", "operator": "Utah Department of Transportation"}}, {"type": "Feature", "geometry": {"type": "Point", "coordinates": [-111.8358902, 39.7101639]}, "properties": {"osm_id": 12693378949, "type": "public", "operator": "Utah Department of Transportation"}}, {"type": "Feature", "geometry": {"type": "Point", "coordinates": [-111.8338694, 39.8211692]}, "properties": {"osm_id": 12693545272, "type": "public", "operator": "Utah Department of Transportation"}}, {"type": "Feature", "geometry": {"type": "Point", "coordinates": [-111.8113958, 39.9369826]}, "properties": {"osm_id": 12693562924, "type": "public", "operator": "Utah Department of Transportation"}}, {"type": "Feature", "geometry": {"type": "Point", "coordinates": [-111.7893591, 39.9754924]}, "properties": {"osm_id": 12693597264, "type": "public", "operator": "Utah Department of Transportation"}}, {"type": "Feature", "geometry": {"type": "Point", "coordinates": [-111.7633201, 39.9972091]}, "properties": {"osm_id": 12695534388, "type": "public", "operator": "Utah Department of Transportation"}}, {"type": "Feature", "geometry": {"type": "Point", "coordinates": [-111.7588442, 40.0315151]}, "properties": {"osm_id": 12695602168, "type": "public", "operator": "Utah Department of Transportation"}}, {"type": "Feature", "geometry": {"type": "Point", "coordinates": [-111.7576206, 40.0312469]}, "properties": {"osm_id": 12695602169, "type": "public", "operator": "Utah Department of Transportation"}}, {"type": "Feature", "geometry": {"type": "Point", "coordinates": [-111.7538923, 40.0312048]}, "properties": {"osm_id": 12695602170, "type": "public", "operator": "Utah Department of Transportation"}}, {"type": "Feature", "geometry": {"type": "Point", "coordinates": [-111.7485855, 40.0315396]}, "properties": {"osm_id": 12695602171, "type": "public", "operator": "Utah Department of Transportation"}}, {"type": "Feature", "geometry": {"type": "Point", "coordinates": [-111.7396744, 40.0484146]}, "properties": {"osm_id": 12695607803, "type": "public", "operator": "Utah Department of Transportation"}}, {"type": "Feature", "geometry": {"type": "Point", "coordinates": [-111.7632354, 39.9987947]}, "properties": {"osm_id": 12695611425, "type": "public", "operator": "Utah Department of Transportation"}}, {"type": "Feature", "geometry": {"type": "Point", "coordinates": [-111.735615, 40.0314195]}, "properties": {"osm_id": 12695617969, "type": "public", "operator": "Utah Department of Transportation"}}, {"type": "Feature", "geometry": {"type": "Point", "coordinates": [-111.731948, 40.0561968]}, "properties": {"osm_id": 12695643361, "type": "public", "operator": "Utah Department of Transportation"}}, {"type": "Feature", "geometry": {"type": "Point", "coordinates": [-111.6846054, 40.1023501]}, "properties": {"osm_id": 12695677459, "type": "public", "operator": "Utah Department of Transportation"}}, {"type": "Feature", "geometry": {"type": "Point", "coordinates": [-111.7032467, 40.0854632]}, "properties": {"osm_id": 12695684052, "type": "public", "operator": "Utah Department of Transportation"}}, {"type": "Feature", "geometry": {"type": "Point", "coordinates": [-111.7022945, 40.0856089]}, "properties": {"osm_id": 12695684053, "type": "public", "operator": "Utah Department of Transportation"}}, {"type": "Feature", "geometry": {"type": "Point", "coordinates": [-111.6930596, 40.0851721]}, "properties": {"osm_id": 12695684054, "type": "public", "operator": "Utah Department of Transportation"}}, {"type": "Feature", "geometry": {"type": "Point", "coordinates": [-111.6832562, 40.0852311]}, "properties": {"osm_id": 12695684055, "type": "public", "operator": "Utah Department of Transportation"}}, {"type": "Feature", "geometry": {"type": "Point", "coordinates": [-111.6674301, 40.0874704]}, "properties": {"osm_id": 12695684056, "type": "public", "operator": "Utah Department of Transportation"}}, {"type": "Feature", "geometry": {"type": "Point", "coordinates": [-111.6550452, 40.1100142]}, "properties": {"osm_id": 12696671475, "type": "public", "operator": "Utah Department of Transportation"}}, {"type": "Feature", "geometry": {"type": "Point", "coordinates": [-111.6696635, 40.1140905]}, "properties": {"osm_id": 12696688298, "type": "public", "operator": "Utah Department of Transportation"}}, {"type": "Feature", "geometry": {"type": "Point", "coordinates": [-111.6545248, 40.1151183]}, "properties": {"osm_id": 12696699390, "type": "public", "operator": "Utah Department of Transportation"}}, {"type": "Feature", "geometry": {"type": "Point", "coordinates": [-111.6544658, 40.1230875]}, "properties": {"osm_id": 12696719000, "type": "public", "operator": "Utah Department of Transportation"}}, {"type": "Feature", "geometry": {"type": "Point", "coordinates": [-111.6544478, 40.1257953]}, "properties": {"osm_id": 12696723694, "type": "public", "operator": "Utah Department of Transportation"}}, {"type": "Feature", "geometry": {"type": "Point", "coordinates": [-111.654458, 40.1248152]}, "properties": {"osm_id": 12696723695, "type": "public", "operator": "Utah Department of Transportation"}}, {"type": "Feature", "geometry": {"type": "Point", "coordinates": [-111.6590707, 40.0792417]}, "properties": {"osm_id": 12696724695, "type": "public", "operator": "Utah Department of Transportation"}}, {"type": "Feature", "geometry": {"type": "Point", "coordinates": [-111.6544685, 40.1200312]}, "properties": {"osm_id": 12696729040, "type": "public", "operator": "Utah Department of Transportation"}}, {"type": "Feature", "geometry": {"type": "Point", "coordinates": [-111.6613162, 40.1096932]}, "properties": {"osm_id": 12696744702, "type": "public", "operator": "Utah Department of Transportation"}}, {"type": "Feature", "geometry": {"type": "Point", "coordinates": [-111.6623537, 40.0903184]}, "properties": {"osm_id": 12696767261, "type": "public", "operator": "Utah Department of Transportation"}}, {"type": "Feature", "geometry": {"type": "Point", "coordinates": [-111.6545844, 40.1059716]}, "properties": {"osm_id": 12696767311, "type": "public", "operator": "Utah Department of Transportation"}}, {"type": "Feature", "geometry": {"type": "Point", "coordinates": [-111.6553907, 40.0942642]}, "properties": {"osm_id": 12696771475, "type": "public", "operator": "Utah Department of Transportation"}}, {"type": "Feature", "geometry": {"type": "Point", "coordinates": [-111.6552137, 40.0979472]}, "properties": {"osm_id": 12696773011, "type": "public", "operator": "Utah Department of Transportation"}}, {"type": "Feature", "geometry": {"type": "Point", "coordinates": [-111.6659027, 40.0662695]}, "properties": {"osm_id": 12696796960, "type": "public", "operator": "Utah Department of Transportation"}}, {"type": "Feature", "geometry": {"type": "Point", "coordinates": [-111.6735498, 40.0570849]}, "properties": {"osm_id": 12696803635, "type": "public", "operator": "Utah Department of Transportation"}}, {"type": "Feature", "geometry": {"type": "Point", "coordinates": [-111.6684214, 40.0607411]}, "properties": {"osm_id": 12696807770, "type": "public", "operator": "Utah Department of Transportation"}}, {"type": "Feature", "geometry": {"type": "Point", "coordinates": [-111.6916013, 40.0487514]}, "properties": {"osm_id": 12696808755, "type": "public", "operator": "Utah Department of Transportation"}}, {"type": "Feature", "geometry": {"type": "Point", "coordinates": [-111.7324346, 40.0446622]}, "properties": {"osm_id": 12696837092, "type": "public", "operator": "Utah Department of Transportation"}}, {"type": "Feature", "geometry": {"type": "Point", "coordinates": [-111.7232842, 40.0444065]}, "properties": {"osm_id": 12696837156, "type": "public", "operator": "Utah Department of Transportation"}}, {"type": "Feature", "geometry": {"type": "Point", "coordinates": [-111.7161992, 40.0444009]}, "properties": {"osm_id": 12696837595, "type": "public", "operator": "Utah Department of Transportation"}}, {"type": "Feature", "geometry": {"type": "Point", "coordinates": [-111.733997, 40.043732]}, "properties": {"osm_id": 12696841721, "type": "public", "operator": "Utah Department of Transportation"}}, {"type": "Feature", "geometry": {"type": "Point", "coordinates": [-111.6440732, 40.1059269]}, "properties": {"osm_id": 12697210950, "type": "public", "operator": "Utah Department of Transportation"}}, {"type": "Feature", "geometry": {"type": "Point", "coordinates": [-111.7424124, 40.0228398]}, "properties": {"osm_id": 12697266200, "type": "public", "operator": "Utah Department of Transportation"}}, {"type": "Feature", "geometry": {"type": "Point", "coordinates": [-111.6355545, 40.1013479]}, "properties": {"osm_id": 12697283798, "type": "public", "operator": "Utah Department of Transportation"}}, {"type": "Feature", "geometry": {"type": "Point", "coordinates": [-111.5930462, 40.086208]}, "properties": {"osm_id": 12697285974, "type": "public", "operator": "Utah Department of Transportation"}}, {"type": "Feature", "geometry": {"type": "Point", "coordinates": [-111.6161664, 40.0962694]}, "properties": {"osm_id": 12697290963, "type": "public", "operator": "Utah Department of Transportation"}}, {"type": "Feature", "geometry": {"type": "Point", "coordinates": [-111.6116254, 40.0949993]}, "properties": {"osm_id": 12697295050, "type": "public", "operator": "Utah Department of Transportation"}}, {"type": "Feature", "geometry": {"type": "Point", "coordinates": [-111.630967, 40.1003158]}, "properties": {"osm_id": 12697299972, "type": "public", "operator": "Utah Department of Transportation"}}, {"type": "Feature", "geometry": {"type": "Point", "coordinates": [-111.6347199, 40.1094936]}, "properties": {"osm_id": 12697328269, "type": "public", "operator": "Utah Department of Transportation"}}, {"type": "Feature", "geometry": {"type": "Point", "coordinates": [-111.5973742, 40.0910294]}, "properties": {"osm_id": 12697338712, "type": "public", "operator": "Utah Department of Transportation"}}, {"type": "Feature", "geometry": {"type": "Point", "coordinates": [-111.6124438, 40.0995766]}, "properties": {"osm_id": 12697341189, "type": "public", "operator": "Utah Department of Transportation"}}, {"type": "Feature", "geometry": {"type": "Point", "coordinates": [-111.6320397, 40.1096629]}, "properties": {"osm_id": 12697356913, "type": "public", "operator": "Utah Department of Transportation"}}, {"type": "Feature", "geometry": {"type": "Point", "coordinates": [-111.9343634, 40.6523105]}, "properties": {"osm_id": 12706064022, "type": "public", "operator": "Unknown"}}, {"type": "Feature", "geometry": {"type": "Point", "coordinates": [-111.9380698, 40.6514233]}, "properties": {"osm_id": 12706064023, "type": "public", "operator": "Unknown"}}, {"type": "Feature", "geometry": {"type": "Point", "coordinates": [-111.8901459, 40.6279266]}, "properties": {"osm_id": 12706093248, "type": "public", "operator": "Unknown"}}, {"type": "Feature", "geometry": {"type": "Point", "coordinates": [-111.9549383, 40.6968414]}, "properties": {"osm_id": 12706093249, "type": "public", "operator": "Unknown"}}, {"type": "Feature", "geometry": {"type": "Point", "coordinates": [-111.859445, 41.7357585]}, "properties": {"osm_id": 12707727483, "type": "traffic", "operator": "Utah Department of Transportation"}}, {"type": "Feature", "geometry": {"type": "Point", "coordinates": [-111.8905687, 40.5701707]}, "properties": {"osm_id": 12708591706, "type": "public", "operator": "Unknown"}}, {"type": "Feature", "geometry": {"type": "Point", "coordinates": [-111.8910359, 40.5605649]}, "properties": {"osm_id": 12708592179, "type": "public", "operator": "Unknown"}}, {"type": "Feature", "geometry": {"type": "Point", "coordinates": [-111.8906745, 40.5962312]}, "properties": {"osm_id": 12708605477, "type": "public", "operator": "Unknown"}}, {"type": "Feature", "geometry": {"type": "Point", "coordinates": [-111.9071131, 40.6672551]}, "properties": {"osm_id": 12708756730, "type": "public", "operator": "Unknown"}}, {"type": "Feature", "geometry": {"type": "Point", "coordinates": [-111.9987529, 40.7037867]}, "properties": {"osm_id": 12709667847, "type": "public", "operator": "Unknown"}}, {"type": "Feature", "geometry": {"type": "Point", "coordinates": [-112.154199, 39.7759936]}, "properties": {"osm_id": 12712925613, "type": "public", "operator": "Utah Department of Transportation"}}, {"type": "Feature", "geometry": {"type": "Point", "coordinates": [-111.647496, 40.1228152]}, "properties": {"osm_id": 12712925639, "type": "public", "operator": "Utah Department of Transportation"}}, {"type": "Feature", "geometry": {"type": "Point", "coordinates": [-112.5794821, 39.3526323]}, "properties": {"osm_id": 12712927191, "type": "public", "operator": "Utah Department of Transportation"}}, {"type": "Feature", "geometry": {"type": "Point", "coordinates": [-113.3419214, 39.0325841]}, "properties": {"osm_id": 12712927748, "type": "public", "operator": "Utah Department of Transportation"}}, {"type": "Feature", "geometry": {"type": "Point", "coordinates": [-112.0651345, 39.6598299]}, "properties": {"osm_id": 12712929045, "type": "public", "operator": "Utah Department of Transportation"}}, {"type": "Feature", "geometry": {"type": "Point", "coordinates": [-113.0692556, 39.1497038]}, "properties": {"osm_id": 12712933592, "type": "public", "operator": "Utah Department of Transportation"}}, {"type": "Feature", "geometry": {"type": "Point", "coordinates": [-112.3717988, 39.5246501]}, "properties": {"osm_id": 12712973400, "type": "public", "operator": "Utah Department of Transportation"}}, {"type": "Feature", "geometry": {"type": "Point", "coordinates": [-111.640432, 40.1199598]}, "properties": {"osm_id": 12712989686, "type": "public", "operator": "Utah Department of Transportation"}}, {"type": "Feature", "geometry": {"type": "Point", "coordinates": [-111.6397383, 40.1204466]}, "properties": {"osm_id": 12713025238, "type": "public", "operator": "Utah Department of Transportation"}}, {"type": "Feature", "geometry": {"type": "Point", "coordinates": [-111.6389451, 40.1214665]}, "properties": {"osm_id": 12713025239, "type": "public", "operator": "Utah Department of Transportation"}}, {"type": "Feature", "geometry": {"type": "Point", "coordinates": [-111.6358887, 40.1228163]}, "properties": {"osm_id": 12713025772, "type": "public", "operator": "Utah Department of Transportation"}}, {"type": "Feature", "geometry": {"type": "Point", "coordinates": [-111.6489791, 40.1289924]}, "properties": {"osm_id": 12713041430, "type": "public", "operator": "Utah Department of Transportation"}}, {"type": "Feature", "geometry": {"type": "Point", "coordinates": [-111.6464455, 40.1451194]}, "properties": {"osm_id": 12713101755, "type": "public", "operator": "Utah Department of Transportation"}}, {"type": "Feature", "geometry": {"type": "Point", "coordinates": [-111.6460825, 40.161533]}, "properties": {"osm_id": 12713103772, "type": "public", "operator": "Utah Department of Transportation"}}, {"type": "Feature", "geometry": {"type": "Point", "coordinates": [-111.6470332, 40.1744963]}, "properties": {"osm_id": 12713272108, "type": "public", "operator": "Utah Department of Transportation"}}, {"type": "Feature", "geometry": {"type": "Point", "coordinates": [-111.6512927, 40.1611476]}, "properties": {"osm_id": 12713286407, "type": "public", "operator": "Utah Department of Transportation"}}, {"type": "Feature", "geometry": {"type": "Point", "coordinates": [-111.6469366, 40.1875698]}, "properties": {"osm_id": 12713370470, "type": "public", "operator": "Utah Department of Transportation"}}, {"type": "Feature", "geometry": {"type": "Point", "coordinates": [-111.6449142, 40.1881066]}, "properties": {"osm_id": 12713370471, "type": "public", "operator": "Utah Department of Transportation"}}, {"type": "Feature", "geometry": {"type": "Point", "coordinates": [-111.9771268, 40.6699335]}, "properties": {"osm_id": 12717074948, "type": "public", "operator": "Unknown"}}, {"type": "Feature", "geometry": {"type": "Point", "coordinates": [-111.9723811, 40.6674095]}, "properties": {"osm_id": 12717074950, "type": "public", "operator": "Unknown"}}, {"type": "Feature", "geometry": {"type": "Point", "coordinates": [-111.9058355, 40.7585651]}, "properties": {"osm_id": 12726297027, "type": "public", "operator": "Unknown"}}, {"type": "Feature", "geometry": {"type": "Point", "coordinates": [-111.4655492, 40.6814864]}, "properties": {"osm_id": 12779086893, "type": "public", "operator": "Unknown"}}, {"type": "Feature", "geometry": {"type": "Point", "coordinates": [-111.4949064, 40.6460637]}, "properties": {"osm_id": 12779115628, "type": "outdoor", "operator": "Unknown"}}, {"type": "Feature", "geometry": {"type": "Point", "coordinates": [-111.4974153, 40.6482745]}, "properties": {"osm_id": 12779115629, "type": "outdoor", "operator": "Unknown"}}, {"type": "Feature", "geometry": {"type": "Point", "coordinates": [-111.4876295, 40.6681905]}, "properties": {"osm_id": 12779115630, "type": "outdoor", "operator": "Unknown"}}, {"type": "Feature", "geometry": {"type": "Point", "coordinates": [-111.4923009, 40.6206105]}, "properties": {"osm_id": 12779115824, "type": "outdoor", "operator": "Unknown"}}, {"type": "Feature", "geometry": {"type": "Point", "coordinates": [-111.5357927, 40.6829546]}, "properties": {"osm_id": 12783977497, "type": "outdoor", "operator": "Unknown"}}, {"type": "Feature", "geometry": {"type": "Point", "coordinates": [-111.5317672, 40.680745]}, "properties": {"osm_id": 12783977498, "type": "outdoor", "operator": "Unknown"}}, {"type": "Feature", "geometry": {"type": "Point", "coordinates": [-111.9392256, 40.728321]}, "properties": {"osm_id": 12798481425, "type": "public", "operator": "Unknown"}}, {"type": "Feature", "geometry": {"type": "Point", "coordinates": [-111.9390626, 40.6715164]}, "properties": {"osm_id": 12798481426, "type": "public", "operator": "Unknown"}}, {"type": "Feature", "geometry": {"type": "Point", "coordinates": [-111.9862021, 40.6100625]}, "properties": {"osm_id": 12798481427, "type": "public", "operator": "Unknown"}}, {"type": "Feature", "geometry": {"type": "Point", "coordinates": [-111.9791982, 40.6200929]}, "properties": {"osm_id": 12798481428, "type": "public", "operator": "Unknown"}}, {"type": "Feature", "geometry": {"type": "Point", "coordinates": [-112.0249255, 40.6774336]}, "properties": {"osm_id": 12798481429, "type": "public", "operator": "Unknown"}}, {"type": "Feature", "geometry": {"type": "Point", "coordinates": [-111.9751139, 40.6093404]}, "properties": {"osm_id": 12798481430, "type": "public", "operator": "Unknown"}}, {"type": "Feature", "geometry": {"type": "Point", "coordinates": [-111.9594974, 40.6529566]}, "properties": {"osm_id": 12798481431, "type": "public", "operator": "Unknown"}}, {"type": "Feature", "geometry": {"type": "Point", "coordinates": [-111.9431173, 40.6529528]}, "properties": {"osm_id": 12798481432, "type": "public", "operator": "Unknown"}}, {"type": "Feature", "geometry": {"type": "Point", "coordinates": [-111.9918752, 40.6375762]}, "properties": {"osm_id": 12806553824, "type": "public", "operator": "Unknown"}}, {"type": "Feature", "geometry": {"type": "Point", "coordinates": [-111.891938, 40.5463468]}, "properties": {"osm_id": 12812222437, "type": "outdoor", "operator": "Unknown"}}, {"type": "Feature", "geometry": {"type": "Point", "coordinates": [-111.8927139, 40.5474507]}, "properties": {"osm_id": 12812222438, "type": "outdoor", "operator": "Unknown"}}, {"type": "Feature", "geometry": {"type": "Point", "coordinates": [-111.0839982, 39.9289279]}, "properties": {"osm_id": 12836970898, "type": "traffic", "operator": "Unknown"}}, {"type": "Feature", "geometry": {"type": "Point", "coordinates": [-110.8672521, 39.7272045]}, "properties": {"osm_id": 12836993022, "type": "Camera", "operator": "Unknown"}}, {"type": "Feature", "geometry": {"type": "Point", "coordinates": [-111.9022253, 40.7641377]}, "properties": {"osm_id": 12840350567, "type": "indoor", "operator": "Unknown"}}, {"type": "Feature", "geometry": {"type": "Point", "coordinates": [-111.9427363, 40.6387132]}, "properties": {"osm_id": 12849758304, "type": "public", "operator": "Unknown"}}, {"type": "Feature", "geometry": {"type": "Point", "coordinates": [-111.9679713, 40.7254203]}, "properties": {"osm_id": 12878472459, "type": "Camera", "operator": "Unknown"}}, {"type": "Feature", "geometry": {"type": "Point", "coordinates": [-111.9454444, 40.682048]}, "properties": {"osm_id": 12878472460, "type": "Camera", "operator": "Unknown"}}, {"type": "Feature", "geometry": {"type": "Point", "coordinates": [-111.9581531, 40.677344]}, "properties": {"osm_id": 12878615500, "type": "Camera", "operator": "Unknown"}}, {"type": "Feature", "geometry": {"type": "Point", "coordinates": [-111.905673, 40.674734]}, "properties": {"osm_id": 12880426012, "type": "Camera", "operator": "Unknown"}}, {"type": "Feature", "geometry": {"type": "Point", "coordinates": [-111.8911268, 40.6822487]}, "properties": {"osm_id": 12880426013, "type": "Camera", "operator": "Unknown"}}, {"type": "Feature", "geometry": {"type": "Point", "coordinates": [-111.9165867, 40.7605432]}, "properties": {"osm_id": 12880426014, "type": "Camera", "operator": "Unknown"}}, {"type": "Feature", "geometry": {"type": "Point", "coordinates": [-111.9376191, 40.7605449]}, "properties": {"osm_id": 12880426015, "type": "Camera", "operator": "Unknown"}}, {"type": "Feature", "geometry": {"type": "Point", "coordinates": [-111.8884309, 40.7477773]}, "properties": {"osm_id": 12880426016, "type": "Camera", "operator": "Unknown"}}, {"type": "Feature", "geometry": {"type": "Point", "coordinates": [-111.8826794, 40.6869722]}, "properties": {"osm_id": 12880426017, "type": "Camera", "operator": "Unknown"}}, {"type": "Feature", "geometry": {"type": "Point", "coordinates": [-111.9110236, 40.686896]}, "properties": {"osm_id": 12880426018, "type": "Camera", "operator": "Unknown"}}, {"type": "Feature", "geometry": {"type": "Point", "coordinates": [-111.9779636, 40.6096575]}, "properties": {"osm_id": 12880426019, "type": "Camera", "operator": "Unknown"}}, {"type": "Feature", "geometry": {"type": "Point", "coordinates": [-111.9864953, 40.6688372]}, "properties": {"osm_id": 12883916871, "type": "Camera", "operator": "Unknown"}}, {"type": "Feature", "geometry": {"type": "Point", "coordinates": [-111.9387201, 40.6848361]}, "properties": {"osm_id": 12883916872, "type": "Camera", "operator": "Unknown"}}, {"type": "Feature", "geometry": {"type": "Point", "coordinates": [-111.9675646, 40.6663526]}, "properties": {"osm_id": 12883916873, "type": "Camera", "operator": "Unknown"}}, {"type": "Feature", "geometry": {"type": "Point", "coordinates": [-111.6354965, 40.1345365]}, "properties": {"osm_id": 12884440033, "type": "public", "operator": "Spanish Fork Police Department"}}, {"type": "Feature", "geometry": {"type": "Point", "coordinates": [-111.6429849, 40.1238736]}, "properties": {"osm_id": 12884507426, "type": "public", "operator": "Spanish Fork Police Department"}}, {"type": "Feature", "geometry": {"type": "Point", "coordinates": [-111.642678, 40.1237243]}, "properties": {"osm_id": 12884507427, "type": "public", "operator": "Spanish Fork Police Department"}}, {"type": "Feature", "geometry": {"type": "Point", "coordinates": [-111.6448195, 40.1227956]}, "properties": {"osm_id": 12884507428, "type": "public", "operator": "Spanish Fork Police Department"}}, {"type": "Feature", "geometry": {"type": "Point", "coordinates": [-111.6536754, 40.1228021]}, "properties": {"osm_id": 12884507429, "type": "public", "operator": "Spanish Fork Police Department"}}, {"type": "Feature", "geometry": {"type": "Point", "coordinates": [-112.0056256, 40.6941979]}, "properties": {"osm_id": 12886242423, "type": "Camera", "operator": "Unknown"}}, {"type": "Feature", "geometry": {"type": "Point", "coordinates": [-111.6549401, 40.1225339]}, "properties": {"osm_id": 12887371074, "type": "public", "operator": "Spanish Fork Police Department"}}, {"type": "Feature", "geometry": {"type": "Point", "coordinates": [-111.7668589, 40.3512361]}, "properties": {"osm_id": 12908024634, "type": "public", "operator": "Unknown"}}, {"type": "Feature", "geometry": {"type": "Point", "coordinates": [-111.7731613, 40.4083263]}, "properties": {"osm_id": 12908024635, "type": "public", "operator": "Unknown"}}, {"type": "Feature", "geometry": {"type": "Point", "coordinates": [-111.7526609, 40.4321775]}, "properties": {"osm_id": 12908024636, "type": "public", "operator": "Unknown"}}, {"type": "Feature", "geometry": {"type": "Point", "coordinates": [-111.7405429, 40.355046]}, "properties": {"osm_id": 12908024637, "type": "public", "operator": "Unknown"}}, {"type": "Feature", "geometry": {"type": "Point", "coordinates": [-111.7408597, 40.3518799]}, "properties": {"osm_id": 12908024638, "type": "public", "operator": "Unknown"}}, {"type": "Feature", "geometry": {"type": "Point", "coordinates": [-111.7413947, 40.3508739]}, "properties": {"osm_id": 12908024639, "type": "public", "operator": "Unknown"}}, {"type": "Feature", "geometry": {"type": "Point", "coordinates": [-111.7373493, 40.3274858]}, "properties": {"osm_id": 12908024640, "type": "public", "operator": "Unknown"}}, {"type": "Feature", "geometry": {"type": "Point", "coordinates": [-111.6545487, 40.1287142]}, "properties": {"osm_id": 12912979273, "type": "public", "operator": "Spanish Fork Police Department"}}, {"type": "Feature", "geometry": {"type": "Point", "coordinates": [-111.8981029, 40.7000314]}, "properties": {"osm_id": 12915979480, "type": "public", "operator": "Unknown"}}, {"type": "Feature", "geometry": {"type": "Point", "coordinates": [-111.894426, 40.7607991]}, "properties": {"osm_id": 12915979481, "type": "public", "operator": "Unknown"}}, {"type": "Feature", "geometry": {"type": "Point", "coordinates": [-111.6623547, 40.2308068]}, "properties": {"osm_id": 12978247650, "type": "public", "operator": "Unknown"}}, {"type": "Feature", "geometry": {"type": "Point", "coordinates": [-111.6769296, 40.233652]}, "properties": {"osm_id": 12978247651, "type": "public", "operator": "Unknown"}}, {"type": "Feature", "geometry": {"type": "Point", "coordinates": [-111.6682189, 40.2338894]}, "properties": {"osm_id": 12978247652, "type": "public", "operator": "Unknown"}}, {"type": "Feature", "geometry": {"type": "Point", "coordinates": [-113.0847819, 37.6494734]}, "properties": {"osm_id": 12995945536, "type": "traffic", "operator": "Cedar City Police Department"}}, {"type": "Feature", "geometry": {"type": "Point", "coordinates": [-113.0505495, 37.7264929]}, "properties": {"osm_id": 12999874462, "type": "traffic", "operator": "Cedar City Police Department"}}, {"type": "Feature", "geometry": {"type": "Point", "coordinates": [-113.076091, 37.6946232]}, "properties": {"osm_id": 12999874464, "type": "traffic", "operator": "Cedar City Police Department"}}, {"type": "Feature", "geometry": {"type": "Point", "coordinates": [-113.0489904, 37.732432]}, "properties": {"osm_id": 12999874465, "type": "traffic", "operator": "Cedar City Police Department"}}, {"type": "Feature", "geometry": {"type": "Point", "coordinates": [-112.0349484, 41.2696479]}, "properties": {"osm_id": 13003363612, "type": "Camera", "operator": "Unknown"}}, {"type": "Feature", "geometry": {"type": "Point", "coordinates": [-111.9060897, 40.7607503]}, "properties": {"osm_id": 13003385309, "type": "Camera", "operator": "Unknown"}}, {"type": "Feature", "geometry": {"type": "Point", "coordinates": [-111.9508118, 41.0446417]}, "properties": {"osm_id": 13004698339, "type": "Camera", "operator": "Unknown"}}, {"type": "Feature", "geometry": {"type": "Point", "coordinates": [-111.915756, 40.8218596]}, "properties": {"osm_id": 13005500847, "type": "traffic", "operator": "Unknown"}}, {"type": "Feature", "geometry": {"type": "Point", "coordinates": [-111.9106745, 40.6905758]}, "properties": {"osm_id": 13007734344, "type": "outdoor", "operator": "Unknown"}}, {"type": "Feature", "geometry": {"type": "Point", "coordinates": [-111.9513734, 41.0382951]}, "properties": {"osm_id": 13007768363, "type": "Camera", "operator": "Unknown"}}, {"type": "Feature", "geometry": {"type": "Point", "coordinates": [-111.9094185, 40.6896375]}, "properties": {"osm_id": 13007789922, "type": "outdoor", "operator": "Unknown"}}, {"type": "Feature", "geometry": {"type": "Point", "coordinates": [-111.8942408, 40.715186]}, "properties": {"osm_id": 13009363592, "type": "public", "operator": "Unknown"}}, {"type": "Feature", "geometry": {"type": "Point", "coordinates": [-111.8941919, 40.7113264]}, "properties": {"osm_id": 13009372247, "type": "public", "operator": "Unknown"}}, {"type": "Feature", "geometry": {"type": "Point", "coordinates": [-111.8941806, 40.7096708]}, "properties": {"osm_id": 13009386667, "type": "public", "operator": "Unknown"}}, {"type": "Feature", "geometry": {"type": "Point", "coordinates": [-111.89386, 40.7140413]}, "properties": {"osm_id": 13009406307, "type": "public", "operator": "Unknown"}}, {"type": "Feature", "geometry": {"type": "Point", "coordinates": [-111.8937334, 40.7163659]}, "properties": {"osm_id": 13009415002, "type": "outdoor", "operator": "Unknown"}}, {"type": "Feature", "geometry": {"type": "Point", "coordinates": [-111.8937481, 40.7161552]}, "properties": {"osm_id": 13009489198, "type": "outdoor", "operator": "Unknown"}}, {"type": "Feature", "geometry": {"type": "Point", "coordinates": [-111.8938342, 40.7158218]}, "properties": {"osm_id": 13009491483, "type": "outdoor", "operator": "Unknown"}}, {"type": "Feature", "geometry": {"type": "Point", "coordinates": [-111.8936766, 40.7159248]}, "properties": {"osm_id": 13009500531, "type": "outdoor", "operator": "Unknown"}}, {"type": "Feature", "geometry": {"type": "Point", "coordinates": [-111.8937755, 40.7086182]}, "properties": {"osm_id": 13009505881, "type": "outdoor", "operator": "Unknown"}}, {"type": "Feature", "geometry": {"type": "Point", "coordinates": [-111.8937429, 40.7163527]}, "properties": {"osm_id": 13009514238, "type": "outdoor", "operator": "Unknown"}}, {"type": "Feature", "geometry": {"type": "Point", "coordinates": [-111.8942226, 40.7157852]}, "properties": {"osm_id": 13009514255, "type": "outdoor", "operator": "Unknown"}}, {"type": "Feature", "geometry": {"type": "Point", "coordinates": [-111.8937582, 40.708564]}, "properties": {"osm_id": 13009515371, "type": "outdoor", "operator": "Unknown"}}, {"type": "Feature", "geometry": {"type": "Point", "coordinates": [-111.8942367, 40.7154254]}, "properties": {"osm_id": 13009526206, "type": "outdoor", "operator": "Unknown"}}, {"type": "Feature", "geometry": {"type": "Point", "coordinates": [-111.8941224, 40.7147824]}, "properties": {"osm_id": 13009526726, "type": "outdoor", "operator": "Unknown"}}, {"type": "Feature", "geometry": {"type": "Point", "coordinates": [-111.8941236, 40.7147953]}, "properties": {"osm_id": 13009528170, "type": "outdoor", "operator": "Unknown"}}, {"type": "Feature", "geometry": {"type": "Point", "coordinates": [-111.8941458, 40.7088165]}, "properties": {"osm_id": 13009533226, "type": "outdoor", "operator": "Unknown"}}, {"type": "Feature", "geometry": {"type": "Point", "coordinates": [-111.8935165, 40.7094878]}, "properties": {"osm_id": 13009545421, "type": "outdoor", "operator": "Unknown"}}, {"type": "Feature", "geometry": {"type": "Point", "coordinates": [-111.8941454, 40.7085625]}, "properties": {"osm_id": 13009554640, "type": "outdoor", "operator": "Unknown"}}, {"type": "Feature", "geometry": {"type": "Point", "coordinates": [-111.8937407, 40.7079542]}, "properties": {"osm_id": 13009631975, "type": "outdoor", "operator": "Unknown"}}, {"type": "Feature", "geometry": {"type": "Point", "coordinates": [-111.9104837, 40.6898852]}, "properties": {"osm_id": 13014435950, "type": "outdoor", "operator": "Unknown"}}, {"type": "Feature", "geometry": {"type": "Point", "coordinates": [-109.8209098, 38.4598066]}, "properties": {"osm_id": 13031926760, "type": "webcam", "operator": "US Geological Survey"}}, {"type": "Feature", "geometry": {"type": "Point", "coordinates": [-112.5212018, 40.6384296]}, "properties": {"osm_id": 13039714179, "type": "Camera", "operator": "Unknown"}}, {"type": "Feature", "geometry": {"type": "Point", "coordinates": [-112.3627094, 40.4517601]}, "properties": {"osm_id": 13039743622, "type": "Camera", "operator": "Unknown"}}, {"type": "Feature", "geometry": {"type": "Point", "coordinates": [-112.3627786, 40.4512527]}, "properties": {"osm_id": 13039770641, "type": "Camera", "operator": "Unknown"}}, {"type": "Feature", "geometry": {"type": "Point", "coordinates": [-112.2949728, 40.5744958]}, "properties": {"osm_id": 13040288955, "type": "Camera", "operator": "Unknown"}}, {"type": "Feature", "geometry": {"type": "Point", "coordinates": [-112.422087, 40.5996777]}, "properties": {"osm_id": 13040382847, "type": "Camera", "operator": "Unknown"}}, {"type": "Feature", "geometry": {"type": "Point", "coordinates": [-112.3378227, 40.5428231]}, "properties": {"osm_id": 13040396756, "type": "Camera", "operator": "Unknown"}}, {"type": "Feature", "geometry": {"type": "Point", "coordinates": [-112.4257737, 40.5923097]}, "properties": {"osm_id": 13040403532, "type": "Camera", "operator": "Unknown"}}, {"type": "Feature", "geometry": {"type": "Point", "coordinates": [-112.4827518, 40.6023004]}, "properties": {"osm_id": 13040409463, "type": "Camera", "operator": "Unknown"}}, {"type": "Feature", "geometry": {"type": "Point", "coordinates": [-112.3214894, 40.5033246]}, "properties": {"osm_id": 13040432643, "type": "Camera", "operator": "Unknown"}}, {"type": "Feature", "geometry": {"type": "Point", "coordinates": [-112.4778407, 40.5878047]}, "properties": {"osm_id": 13040432763, "type": "Camera", "operator": "Unknown"}}, {"type": "Feature", "geometry": {"type": "Point", "coordinates": [-111.9974307, 41.236684]}, "properties": {"osm_id": 13052420952, "type": "Camera", "operator": "Unknown"}}, {"type": "Feature", "geometry": {"type": "Point", "coordinates": [-113.0563879, 37.7314323]}, "properties": {"osm_id": 13070053710, "type": "Camera", "operator": "Unknown"}}, {"type": "Feature", "geometry": {"type": "Point", "coordinates": [-110.5744718, 39.5261458]}, "properties": {"osm_id": 13071279250, "type": "traffic", "operator": "Unknown"}}, {"type": "Feature", "geometry": {"type": "Point", "coordinates": [-111.9821514, 41.2034558]}, "properties": {"osm_id": 13073558303, "type": "public", "operator": "Unknown"}}, {"type": "Feature", "geometry": {"type": "Point", "coordinates": [-111.6865631, 40.0616774]}, "properties": {"osm_id": 13097436631, "type": "Camera", "operator": "Unknown"}}, {"type": "Feature", "geometry": {"type": "Point", "coordinates": [-111.6585785, 40.0808449]}, "properties": {"osm_id": 13097601374, "type": "public", "operator": "Unknown"}}, {"type": "Feature", "geometry": {"type": "Point", "coordinates": [-111.6645119, 40.2069614]}, "properties": {"osm_id": 13097610238, "type": "Camera", "operator": "Unknown"}}, {"type": "Feature", "geometry": {"type": "Point", "coordinates": [-111.8362081, 39.7324564]}, "properties": {"osm_id": 13099215862, "type": "Camera", "operator": "Unknown"}}, {"type": "Feature", "geometry": {"type": "Point", "coordinates": [-111.8512796, 40.6249457]}, "properties": {"osm_id": 13104565312, "type": "outdoor", "operator": "Unknown"}}, {"type": "Feature", "geometry": {"type": "Point", "coordinates": [-113.0615823, 37.6775107]}, "properties": {"osm_id": 13109855970, "type": "public", "operator": "Unknown"}}, {"type": "Feature", "geometry": {"type": "Point", "coordinates": [-113.0619212, 37.6772525]}, "properties": {"osm_id": 13109878227, "type": "public", "operator": "Unknown"}}, {"type": "Feature", "geometry": {"type": "Point", "coordinates": [-113.0792796, 37.6542212]}, "properties": {"osm_id": 13109890690, "type": "public", "operator": "Unknown"}}, {"type": "Feature", "geometry": {"type": "Point", "coordinates": [-111.7050242, 40.3193859]}, "properties": {"osm_id": 13123923697, "type": "traffic", "operator": "Unknown"}}, {"type": "Feature", "geometry": {"type": "Point", "coordinates": [-111.7019132, 40.3121224]}, "properties": {"osm_id": 13123923698, "type": "traffic", "operator": "Unknown"}}, {"type": "Feature", "geometry": {"type": "Point", "coordinates": [-111.6764837, 40.3118363]}, "properties": {"osm_id": 13123923699, "type": "traffic", "operator": "Unknown"}}, {"type": "Feature", "geometry": {"type": "Point", "coordinates": [-111.6860746, 40.3118284]}, "properties": {"osm_id": 13123923700, "type": "traffic", "operator": "Unknown"}}, {"type": "Feature", "geometry": {"type": "Point", "coordinates": [-111.6960107, 40.3121085]}, "properties": {"osm_id": 13123955801, "type": "traffic", "operator": "Unknown"}}, {"type": "Feature", "geometry": {"type": "Point", "coordinates": [-111.7300363, 40.2789989]}, "properties": {"osm_id": 13123976131, "type": "traffic", "operator": "Unknown"}}, {"type": "Feature", "geometry": {"type": "Point", "coordinates": [-111.8909301, 40.9485539]}, "properties": {"osm_id": 13125698121, "type": "public", "operator": "Unknown"}}, {"type": "Feature", "geometry": {"type": "Point", "coordinates": [-111.8912655, 40.9485535]}, "properties": {"osm_id": 13125698122, "type": "public", "operator": "Unknown"}}, {"type": "Feature", "geometry": {"type": "Point", "coordinates": [-111.8724021, 40.5925369]}, "properties": {"osm_id": 13125715560, "type": "public", "operator": "Unknown"}}, {"type": "Feature", "geometry": {"type": "Point", "coordinates": [-111.6759468, 41.0456121]}, "properties": {"osm_id": 13125780350, "type": "public", "operator": "Unknown"}}, {"type": "Feature", "geometry": {"type": "Point", "coordinates": [-111.364348, 40.5078707]}, "properties": {"osm_id": 13126283560, "type": "public", "operator": "Unknown"}}, {"type": "Feature", "geometry": {"type": "Point", "coordinates": [-113.2778376, 37.1895891]}, "properties": {"osm_id": 13131253193, "type": "Camera", "operator": "Unknown"}}, {"type": "Feature", "geometry": {"type": "Point", "coordinates": [-111.824563, 41.8387892]}, "properties": {"osm_id": 13132144853, "type": "Camera", "operator": "Unknown"}}, {"type": "Feature", "geometry": {"type": "Point", "coordinates": [-111.7127347, 40.2168849]}, "properties": {"osm_id": 13134763536, "type": "public", "operator": "Unknown"}}, {"type": "Feature", "geometry": {"type": "Point", "coordinates": [-111.6885641, 40.2339733]}, "properties": {"osm_id": 13134820018, "type": "traffic", "operator": "Unknown"}}, {"type": "Feature", "geometry": {"type": "Point", "coordinates": [-111.8941948, 40.7502294]}, "properties": {"osm_id": 13138314328, "type": "public", "operator": "Unknown"}}, {"type": "Feature", "geometry": {"type": "Point", "coordinates": [-113.5965248, 37.0762583]}, "properties": {"osm_id": 13143513582, "type": "Camera", "operator": "SGPD"}}, {"type": "Feature", "geometry": {"type": "Point", "coordinates": [-113.5550839, 37.1080055]}, "properties": {"osm_id": 13143552100, "type": "Camera", "operator": "SGPD"}}, {"type": "Feature", "geometry": {"type": "Point", "coordinates": [-113.5647924, 37.1098157]}, "properties": {"osm_id": 13143596612, "type": "Camera", "operator": "SGPD"}}, {"type": "Feature", "geometry": {"type": "Point", "coordinates": [-111.905898, 40.7564014]}, "properties": {"osm_id": 13144708278, "type": "public", "operator": "Unknown"}}, {"type": "Feature", "geometry": {"type": "Point", "coordinates": [-111.9389056, 40.7626715]}, "properties": {"osm_id": 13144732677, "type": "public", "operator": "Unknown"}}, {"type": "Feature", "geometry": {"type": "Point", "coordinates": [-111.9394015, 40.7684321]}, "properties": {"osm_id": 13144732678, "type": "public", "operator": "Unknown"}}, {"type": "Feature", "geometry": {"type": "Point", "coordinates": [-111.9163124, 40.7713972]}, "properties": {"osm_id": 13144750997, "type": "public", "operator": "Unknown"}}, {"type": "Feature", "geometry": {"type": "Point", "coordinates": [-111.9174165, 40.7716838]}, "properties": {"osm_id": 13144750998, "type": "public", "operator": "Unknown"}}, {"type": "Feature", "geometry": {"type": "Point", "coordinates": [-111.7618617, 40.359913]}, "properties": {"osm_id": 13144764129, "type": "public", "operator": "Unknown"}}, {"type": "Feature", "geometry": {"type": "Point", "coordinates": [-111.7426756, 40.3597042]}, "properties": {"osm_id": 13144773982, "type": "public", "operator": "Unknown"}}, {"type": "Feature", "geometry": {"type": "Point", "coordinates": [-111.7310962, 40.3511184]}, "properties": {"osm_id": 13144780271, "type": "public", "operator": "Unknown"}}, {"type": "Feature", "geometry": {"type": "Point", "coordinates": [-111.7497536, 40.3712188]}, "properties": {"osm_id": 13144796002, "type": "public", "operator": "Unknown"}}, {"type": "Feature", "geometry": {"type": "Point", "coordinates": [-111.749524, 40.3686263]}, "properties": {"osm_id": 13144796003, "type": "public", "operator": "Unknown"}}, {"type": "Feature", "geometry": {"type": "Point", "coordinates": [-111.7399718, 40.3802643]}, "properties": {"osm_id": 13144797181, "type": "public", "operator": "Unknown"}}, {"type": "Feature", "geometry": {"type": "Point", "coordinates": [-111.672307, 40.2666369]}, "properties": {"osm_id": 13144995445, "type": "public", "operator": "Unknown"}}, {"type": "Feature", "geometry": {"type": "Point", "coordinates": [-111.6727668, 40.2721312]}, "properties": {"osm_id": 13144995446, "type": "public", "operator": "Unknown"}}, {"type": "Feature", "geometry": {"type": "Point", "coordinates": [-111.6891794, 40.2833057]}, "properties": {"osm_id": 13145014017, "type": "public", "operator": "Unknown"}}, {"type": "Feature", "geometry": {"type": "Point", "coordinates": [-111.6604071, 40.2506843]}, "properties": {"osm_id": 13145065065, "type": "public", "operator": "Unknown"}}, {"type": "Feature", "geometry": {"type": "Point", "coordinates": [-111.6432866, 40.2391254]}, "properties": {"osm_id": 13145068396, "type": "public", "operator": "Unknown"}}, {"type": "Feature", "geometry": {"type": "Point", "coordinates": [-111.6429902, 40.2456099]}, "properties": {"osm_id": 13145068397, "type": "public", "operator": "Unknown"}}, {"type": "Feature", "geometry": {"type": "Point", "coordinates": [-111.6673239, 40.2357501]}, "properties": {"osm_id": 13145080456, "type": "public", "operator": "Unknown"}}, {"type": "Feature", "geometry": {"type": "Point", "coordinates": [-111.8235643, 41.839347]}, "properties": {"osm_id": 13148532721, "type": "Camera", "operator": "Unknown"}}, {"type": "Feature", "geometry": {"type": "Point", "coordinates": [-113.5926426, 37.1099272]}, "properties": {"osm_id": 13157261224, "type": "Camera", "operator": "SGPD"}}, {"type": "Feature", "geometry": {"type": "Point", "coordinates": [-111.6508608, 40.2297697]}, "properties": {"osm_id": 13162963652, "type": "traffic", "operator": "Provo PD"}}, {"type": "Feature", "geometry": {"type": "Point", "coordinates": [-111.8983798, 40.740779]}, "properties": {"osm_id": 13164194823, "type": "outdoor", "operator": "Unknown"}}, {"type": "Feature", "geometry": {"type": "Point", "coordinates": [-113.6222519, 37.0000972]}, "properties": {"osm_id": 13178166572, "type": "Camera", "operator": "Unknown"}}, {"type": "Feature", "geometry": {"type": "Point", "coordinates": [-111.6466809, 40.2480311]}, "properties": {"osm_id": 13179088317, "type": "traffic", "operator": "BYU PD"}}, {"type": "Feature", "geometry": {"type": "Point", "coordinates": [-111.6465223, 40.2478754]}, "properties": {"osm_id": 13179091028, "type": "traffic", "operator": "BYU PD"}}, {"type": "Feature", "geometry": {"type": "Point", "coordinates": [-111.6456256, 40.2460137]}, "properties": {"osm_id": 13179430163, "type": "traffic", "operator": "BYU PD"}}, {"type": "Feature", "geometry": {"type": "Point", "coordinates": [-111.645907, 40.2464639]}, "properties": {"osm_id": 13179430164, "type": "traffic", "operator": "BYU PD"}}, {"type": "Feature", "geometry": {"type": "Point", "coordinates": [-111.6463051, 40.2464786]}, "properties": {"osm_id": 13179430165, "type": "traffic", "operator": "BYU PD"}}, {"type": "Feature", "geometry": {"type": "Point", "coordinates": [-111.6434647, 40.2485763]}, "properties": {"osm_id": 13179459036, "type": "traffic", "operator": "BYU PD"}}, {"type": "Feature", "geometry": {"type": "Point", "coordinates": [-111.6509191, 40.2507577]}, "properties": {"osm_id": 13179459037, "type": "traffic", "operator": "BYU PD"}}, {"type": "Feature", "geometry": {"type": "Point", "coordinates": [-111.6508029, 40.2516103]}, "properties": {"osm_id": 13179459038, "type": "traffic", "operator": "BYU PD"}}, {"type": "Feature", "geometry": {"type": "Point", "coordinates": [-111.6513443, 40.2511493]}, "properties": {"osm_id": 13179459039, "type": "traffic", "operator": "BYU PD"}}, {"type": "Feature", "geometry": {"type": "Point", "coordinates": [-111.6513714, 40.2505116]}, "properties": {"osm_id": 13179459040, "type": "traffic", "operator": "BYU PD"}}, {"type": "Feature", "geometry": {"type": "Point", "coordinates": [-111.6558766, 40.2505543]}, "properties": {"osm_id": 13179459041, "type": "traffic", "operator": "BYU PD"}}, {"type": "Feature", "geometry": {"type": "Point", "coordinates": [-111.6581339, 40.2477928]}, "properties": {"osm_id": 13179459042, "type": "traffic", "operator": "BYU PD"}}, {"type": "Feature", "geometry": {"type": "Point", "coordinates": [-111.6560394, 40.2470074]}, "properties": {"osm_id": 13179459043, "type": "traffic", "operator": "BYU PD"}}, {"type": "Feature", "geometry": {"type": "Point", "coordinates": [-113.2781646, 37.189692]}, "properties": {"osm_id": 13201706432, "type": "Camera", "operator": "Unknown"}}, {"type": "Feature", "geometry": {"type": "Point", "coordinates": [-111.9895151, 41.2595604]}, "properties": {"osm_id": 13201856339, "type": "Camera", "operator": "Unknown"}}, {"type": "Feature", "geometry": {"type": "Point", "coordinates": [-110.7053233, 38.3742812]}, "properties": {"osm_id": 13202610558, "type": "Camera", "operator": "Unknown"}}, {"type": "Feature", "geometry": {"type": "Point", "coordinates": [-113.3883584, 37.1624921]}, "properties": {"osm_id": 13204015443, "type": "Camera", "operator": "Unknown"}}, {"type": "Feature", "geometry": {"type": "Point", "coordinates": [-111.8115024, 40.4316701]}, "properties": {"osm_id": 13204142808, "type": "public", "operator": "Unknown"}}, {"type": "Feature", "geometry": {"type": "Point", "coordinates": [-111.9001245, 40.7255667]}, "properties": {"osm_id": 13207934591, "type": "Camera", "operator": "Unknown"}}, {"type": "Feature", "geometry": {"type": "Point", "coordinates": [-111.8713614, 40.7432231]}, "properties": {"osm_id": 13233071836, "type": "traffic", "operator": "Unknown"}}, {"type": "Feature", "geometry": {"type": "Point", "coordinates": [-111.3769678, 38.241148]}, "properties": {"osm_id": 13234931702, "type": "Camera", "operator": "Unknown"}}, {"type": "Feature", "geometry": {"type": "Point", "coordinates": [-111.6366727, 38.3971576]}, "properties": {"osm_id": 13234949757, "type": "Camera", "operator": "Unknown"}}, {"type": "Feature", "geometry": {"type": "Point", "coordinates": [-111.538604, 38.3373317]}, "properties": {"osm_id": 13234955618, "type": "Camera", "operator": "Unknown"}}, {"type": "Feature", "geometry": {"type": "Point", "coordinates": [-111.6429453, 38.395535]}, "properties": {"osm_id": 13234964126, "type": "Camera", "operator": "Unknown"}}, {"type": "Feature", "geometry": {"type": "Point", "coordinates": [-111.4783963, 38.3023882]}, "properties": {"osm_id": 13234964228, "type": "Camera", "operator": "Unknown"}}, {"type": "Feature", "geometry": {"type": "Point", "coordinates": [-111.8226263, 38.4501709]}, "properties": {"osm_id": 13234964824, "type": "Camera", "operator": "Unknown"}}, {"type": "Feature", "geometry": {"type": "Point", "coordinates": [-111.5567576, 38.3446598]}, "properties": {"osm_id": 13234970964, "type": "Camera", "operator": "Unknown"}}, {"type": "Feature", "geometry": {"type": "Point", "coordinates": [-113.6072935, 37.0289045]}, "properties": {"osm_id": 13235602038, "type": "public", "operator": "Unknown"}}, {"type": "Feature", "geometry": {"type": "Point", "coordinates": [-113.5631737, 37.027054]}, "properties": {"osm_id": 13235625013, "type": "Camera", "operator": "Unknown"}}, {"type": "Feature", "geometry": {"type": "Point", "coordinates": [-111.9945353, 41.2479587]}, "properties": {"osm_id": 13236644066, "type": "public", "operator": "Unknown"}}, {"type": "Feature", "geometry": {"type": "Point", "coordinates": [-111.9904079, 41.2449121]}, "properties": {"osm_id": 13236679760, "type": "public", "operator": "Unknown"}}, {"type": "Feature", "geometry": {"type": "Point", "coordinates": [-111.994696, 41.2484515]}, "properties": {"osm_id": 13236690139, "type": "public", "operator": "Unknown"}}, {"type": "Feature", "geometry": {"type": "Point", "coordinates": [-111.9895852, 41.2593289]}, "properties": {"osm_id": 13236707614, "type": "Camera", "operator": "Unknown"}}, {"type": "Feature", "geometry": {"type": "Point", "coordinates": [-113.06301, 37.6952771]}, "properties": {"osm_id": 13238476594, "type": "Camera", "operator": "Unknown"}}, {"type": "Feature", "geometry": {"type": "Point", "coordinates": [-113.0616536, 37.681056]}, "properties": {"osm_id": 13238480239, "type": "public", "operator": "Unknown"}}, {"type": "Feature", "geometry": {"type": "Point", "coordinates": [-113.0787973, 37.6806832]}, "properties": {"osm_id": 13238485444, "type": "public", "operator": "Unknown"}}, {"type": "Feature", "geometry": {"type": "Point", "coordinates": [-113.064471, 37.6659332]}, "properties": {"osm_id": 13238492326, "type": "Camera", "operator": "Unknown"}}, {"type": "Feature", "geometry": {"type": "Point", "coordinates": [-113.0836279, 37.6550079]}, "properties": {"osm_id": 13238495136, "type": "Camera", "operator": "Unknown"}}, {"type": "Feature", "geometry": {"type": "Point", "coordinates": [-113.2860543, 37.1750827]}, "properties": {"osm_id": 13250956397, "type": "Camera", "operator": "Unknown"}}, {"type": "Feature", "geometry": {"type": "Point", "coordinates": [-113.3883208, 37.1619844]}, "properties": {"osm_id": 13250956630, "type": "Camera", "operator": "Unknown"}}, {"type": "Feature", "geometry": {"type": "Point", "coordinates": [-113.5553579, 37.0477796]}, "properties": {"osm_id": 13265870285, "type": "Camera", "operator": "Unknown"}}, {"type": "Feature", "geometry": {"type": "Point", "coordinates": [-112.0590478, 41.3051087]}, "properties": {"osm_id": 13272737165, "type": "Camera", "operator": "Unknown"}}, {"type": "Feature", "geometry": {"type": "Point", "coordinates": [-111.9300818, 40.8630151]}, "properties": {"osm_id": 13273657316, "type": "traffic", "operator": "Unknown"}}, {"type": "Feature", "geometry": {"type": "Point", "coordinates": [-111.9697727, 41.2430649]}, "properties": {"osm_id": 13278651253, "type": "Camera", "operator": "Unknown"}}, {"type": "Feature", "geometry": {"type": "Point", "coordinates": [-111.9528048, 41.2420802]}, "properties": {"osm_id": 13278676848, "type": "Camera", "operator": "Unknown"}}, {"type": "Feature", "geometry": {"type": "Point", "coordinates": [-112.0074866, 41.2672841]}, "properties": {"osm_id": 13278715889, "type": "Camera", "operator": "Unknown"}}, {"type": "Feature", "geometry": {"type": "Point", "coordinates": [-113.5274183, 37.1263074]}, "properties": {"osm_id": 13282364771, "type": "Camera", "operator": "Unknown"}}, {"type": "Feature", "geometry": {"type": "Point", "coordinates": [-113.5208385, 37.1166738]}, "properties": {"osm_id": 13285352428, "type": "Camera", "operator": "Unknown"}}, {"type": "Feature", "geometry": {"type": "Point", "coordinates": [-111.7514853, 40.4322079]}, "properties": {"osm_id": 13286288665, "type": "Camera", "operator": "Unknown"}}, {"type": "Feature", "geometry": {"type": "Point", "coordinates": [-112.0052502, 40.5762725]}, "properties": {"osm_id": 13290099717, "type": "Camera", "operator": "Unknown"}}, {"type": "Feature", "geometry": {"type": "Point", "coordinates": [-111.9581559, 41.2101601]}, "properties": {"osm_id": 13293447548, "type": "traffic", "operator": "Unknown"}}, {"type": "Feature", "geometry": {"type": "Point", "coordinates": [-111.9648487, 41.2122946]}, "properties": {"osm_id": 13293476952, "type": "traffic", "operator": "Unknown"}}, {"type": "Feature", "geometry": {"type": "Point", "coordinates": [-111.9775966, 41.2081481]}, "properties": {"osm_id": 13293495725, "type": "traffic", "operator": "Unknown"}}, {"type": "Feature", "geometry": {"type": "Point", "coordinates": [-112.0371109, 41.3351828]}, "properties": {"osm_id": 13297069501, "type": "public", "operator": "Unknown"}}, {"type": "Feature", "geometry": {"type": "Point", "coordinates": [-110.7026196, 38.3694527]}, "properties": {"osm_id": 13298427539, "type": "Camera", "operator": "Unknown"}}, {"type": "Feature", "geometry": {"type": "Point", "coordinates": [-111.9725191, 40.7111703]}, "properties": {"osm_id": 13302289801, "type": "public", "operator": "Unknown"}}, {"type": "Feature", "geometry": {"type": "Point", "coordinates": [-111.8989151, 40.9213951]}, "properties": {"osm_id": 13305356311, "type": "Camera", "operator": "Unknown"}}, {"type": "Feature", "geometry": {"type": "Point", "coordinates": [-111.8970216, 40.9210592]}, "properties": {"osm_id": 13305401032, "type": "Camera", "operator": "Unknown"}}, {"type": "Feature", "geometry": {"type": "Point", "coordinates": [-111.8967563, 40.9216982]}, "properties": {"osm_id": 13305401033, "type": "Camera", "operator": "Unknown"}}, {"type": "Feature", "geometry": {"type": "Point", "coordinates": [-112.064155, 41.2156244]}, "properties": {"osm_id": 13305543101, "type": "public", "operator": "Unknown"}}, {"type": "Feature", "geometry": {"type": "Point", "coordinates": [-111.9728701, 41.2439658]}, "properties": {"osm_id": 13305545901, "type": "public", "operator": "Unknown"}}, {"type": "Feature", "geometry": {"type": "Point", "coordinates": [-111.9996162, 41.2736992]}, "properties": {"osm_id": 13305545902, "type": "public", "operator": "Unknown"}}, {"type": "Feature", "geometry": {"type": "Point", "coordinates": [-111.9754327, 41.2444702]}, "properties": {"osm_id": 13305546701, "type": "public", "operator": "Unknown"}}, {"type": "Feature", "geometry": {"type": "Point", "coordinates": [-112.0085378, 41.2670528]}, "properties": {"osm_id": 13305549901, "type": "public", "operator": "Unknown"}}, {"type": "Feature", "geometry": {"type": "Point", "coordinates": [-111.9604301, 41.1977657]}, "properties": {"osm_id": 13305554001, "type": "public", "operator": "Unknown"}}, {"type": "Feature", "geometry": {"type": "Point", "coordinates": [-111.9604301, 41.1977657]}, "properties": {"osm_id": 13305554201, "type": "public", "operator": "Unknown"}}, {"type": "Feature", "geometry": {"type": "Point", "coordinates": [-111.9591134, 41.2335485]}, "properties": {"osm_id": 13305556301, "type": "public", "operator": "Unknown"}}, {"type": "Feature", "geometry": {"type": "Point", "coordinates": [-111.9592411, 41.2271561]}, "properties": {"osm_id": 13305557001, "type": "public", "operator": "Unknown"}}, {"type": "Feature", "geometry": {"type": "Point", "coordinates": [-111.9788608, 41.2127021]}, "properties": {"osm_id": 13305557002, "type": "public", "operator": "Unknown"}}, {"type": "Feature", "geometry": {"type": "Point", "coordinates": [-111.957206, 41.2308536]}, "properties": {"osm_id": 13305558201, "type": "public", "operator": "Unknown"}}, {"type": "Feature", "geometry": {"type": "Point", "coordinates": [-111.9487805, 41.2853529]}, "properties": {"osm_id": 13305576902, "type": "public", "operator": "Unknown"}}, {"type": "Feature", "geometry": {"type": "Point", "coordinates": [-112.0086242, 41.2756496]}, "properties": {"osm_id": 13305577402, "type": "public", "operator": "Unknown"}}, {"type": "Feature", "geometry": {"type": "Point", "coordinates": [-111.9702769, 41.2392016]}, "properties": {"osm_id": 13305578201, "type": "public", "operator": "Unknown"}}, {"type": "Feature", "geometry": {"type": "Point", "coordinates": [-111.9491036, 41.284882]}, "properties": {"osm_id": 13305582301, "type": "public", "operator": "Unknown"}}, {"type": "Feature", "geometry": {"type": "Point", "coordinates": [-112.0320598, 41.2908807]}, "properties": {"osm_id": 13305586201, "type": "public", "operator": "Unknown"}}, {"type": "Feature", "geometry": {"type": "Point", "coordinates": [-112.0454924, 41.2923828]}, "properties": {"osm_id": 13305586901, "type": "public", "operator": "Unknown"}}, {"type": "Feature", "geometry": {"type": "Point", "coordinates": [-112.0786681, 41.285195]}, "properties": {"osm_id": 13305587501, "type": "public", "operator": "Unknown"}}, {"type": "Feature", "geometry": {"type": "Point", "coordinates": [-111.9343181, 41.317534]}, "properties": {"osm_id": 13305687601, "type": "public", "operator": "Unknown"}}, {"type": "Feature", "geometry": {"type": "Point", "coordinates": [-111.9343333, 41.3173149]}, "properties": {"osm_id": 13305688101, "type": "public", "operator": "Unknown"}}, {"type": "Feature", "geometry": {"type": "Point", "coordinates": [-111.973494, 41.2208084]}, "properties": {"osm_id": 13306857801, "type": "public", "operator": "Unknown"}}, {"type": "Feature", "geometry": {"type": "Point", "coordinates": [-111.9759019, 41.220638]}, "properties": {"osm_id": 13306858101, "type": "public", "operator": "Unknown"}}, {"type": "Feature", "geometry": {"type": "Point", "coordinates": [-111.9752649, 41.222935]}, "properties": {"osm_id": 13306859201, "type": "public", "operator": "Unknown"}}, {"type": "Feature", "geometry": {"type": "Point", "coordinates": [-111.959123, 41.2227595]}, "properties": {"osm_id": 13306859202, "type": "public", "operator": "Unknown"}}, {"type": "Feature", "geometry": {"type": "Point", "coordinates": [-111.8884047, 40.7615214]}, "properties": {"osm_id": 13307310301, "type": "public", "operator": "Unknown"}}, {"type": "Feature", "geometry": {"type": "Point", "coordinates": [-111.8940836, 40.7490794]}, "properties": {"osm_id": 13307385801, "type": "public", "operator": "Unknown"}}, {"type": "Feature", "geometry": {"type": "Point", "coordinates": [-111.5051429, 40.0289734]}, "properties": {"osm_id": 13309093102, "type": "public", "operator": "Unknown"}}, {"type": "Feature", "geometry": {"type": "Point", "coordinates": [-111.9441371, 40.7847982]}, "properties": {"osm_id": 13309222302, "type": "public", "operator": "Unknown"}}, {"type": "Feature", "geometry": {"type": "Point", "coordinates": [-111.9783855, 41.2290435]}, "properties": {"osm_id": 13309431001, "type": "public", "operator": "Unknown"}}, {"type": "Feature", "geometry": {"type": "Point", "coordinates": [-111.8909263, 40.5454493]}, "properties": {"osm_id": 13309573802, "type": "public", "operator": "Unknown"}}, {"type": "Feature", "geometry": {"type": "Point", "coordinates": [-111.9893797, 40.5621963]}, "properties": {"osm_id": 13309651501, "type": "public", "operator": "Unknown"}}, {"type": "Feature", "geometry": {"type": "Point", "coordinates": [-111.858164, 40.6255418]}, "properties": {"osm_id": 13309711101, "type": "public", "operator": "Unknown"}}, {"type": "Feature", "geometry": {"type": "Point", "coordinates": [-111.8723384, 40.5886181]}, "properties": {"osm_id": 13309815202, "type": "public", "operator": "Unknown"}}, {"type": "Feature", "geometry": {"type": "Point", "coordinates": [-111.8723768, 40.5808794]}, "properties": {"osm_id": 13309822101, "type": "public", "operator": "Unknown"}}, {"type": "Feature", "geometry": {"type": "Point", "coordinates": [-111.8723028, 40.5740689]}, "properties": {"osm_id": 13309824601, "type": "public", "operator": "Unknown"}}, {"type": "Feature", "geometry": {"type": "Point", "coordinates": [-111.8723764, 40.5579541]}, "properties": {"osm_id": 13309831502, "type": "public", "operator": "Unknown"}}, {"type": "Feature", "geometry": {"type": "Point", "coordinates": [-111.8720569, 40.5542323]}, "properties": {"osm_id": 13309834801, "type": "public", "operator": "Unknown"}}, {"type": "Feature", "geometry": {"type": "Point", "coordinates": [-111.975955, 41.2331536]}, "properties": {"osm_id": 13309874901, "type": "public", "operator": "Unknown"}}, {"type": "Feature", "geometry": {"type": "Point", "coordinates": [-111.9686233, 41.2311916]}, "properties": {"osm_id": 13309875001, "type": "public", "operator": "Unknown"}}, {"type": "Feature", "geometry": {"type": "Point", "coordinates": [-111.9783855, 41.2290435]}, "properties": {"osm_id": 13311276601, "type": "public", "operator": "Unknown"}}, {"type": "Feature", "geometry": {"type": "Point", "coordinates": [-111.9783855, 41.2290435]}, "properties": {"osm_id": 13311276701, "type": "public", "operator": "Unknown"}}, {"type": "Feature", "geometry": {"type": "Point", "coordinates": [-111.9679054, 41.2186158]}, "properties": {"osm_id": 13311324401, "type": "public", "operator": "Unknown"}}, {"type": "Feature", "geometry": {"type": "Point", "coordinates": [-111.9679054, 41.2186158]}, "properties": {"osm_id": 13311324501, "type": "public", "operator": "Unknown"}}, {"type": "Feature", "geometry": {"type": "Point", "coordinates": [-112.0062395, 41.2298525]}, "properties": {"osm_id": 13311341812, "type": "traffic", "operator": "Unknown"}}, {"type": "Feature", "geometry": {"type": "Point", "coordinates": [-111.9647275, 41.103194]}, "properties": {"osm_id": 13311348601, "type": "public", "operator": "Unknown"}}, {"type": "Feature", "geometry": {"type": "Point", "coordinates": [-111.8962742, 40.5587949]}, "properties": {"osm_id": 13311376302, "type": "public", "operator": "Unknown"}}, {"type": "Feature", "geometry": {"type": "Point", "coordinates": [-111.8909785, 40.5585635]}, "properties": {"osm_id": 13311395801, "type": "public", "operator": "Unknown"}}, {"type": "Feature", "geometry": {"type": "Point", "coordinates": [-111.8534562, 40.5582036]}, "properties": {"osm_id": 13311407502, "type": "public", "operator": "Unknown"}}, {"type": "Feature", "geometry": {"type": "Point", "coordinates": [-111.6217729, 40.2020142]}, "properties": {"osm_id": 13312247901, "type": "public", "operator": "Unknown"}}, {"type": "Feature", "geometry": {"type": "Point", "coordinates": [-111.6506593, 40.2552871]}, "properties": {"osm_id": 13312902501, "type": "Camera", "operator": "Unknown"}}, {"type": "Feature", "geometry": {"type": "Point", "coordinates": [-111.6581701, 40.2556795]}, "properties": {"osm_id": 13312908401, "type": "Camera", "operator": "Unknown"}}, {"type": "Feature", "geometry": {"type": "Point", "coordinates": [-111.6452257, 40.2567597]}, "properties": {"osm_id": 13312912701, "type": "Camera", "operator": "Unknown"}}, {"type": "Feature", "geometry": {"type": "Point", "coordinates": [-111.6108411, 40.182852]}, "properties": {"osm_id": 13314192791, "type": "Camera", "operator": "Unknown"}}, {"type": "Feature", "geometry": {"type": "Point", "coordinates": [-111.647511, 40.2458636]}, "properties": {"osm_id": 13314818801, "type": "Camera", "operator": "Unknown"}}, {"type": "Feature", "geometry": {"type": "Point", "coordinates": [-112.0640267, 41.3052766]}, "properties": {"osm_id": 13316805802, "type": "public", "operator": "Unknown"}}, {"type": "Feature", "geometry": {"type": "Point", "coordinates": [-112.0257719, 41.2280202]}, "properties": {"osm_id": 13317086001, "type": "public", "operator": "Unknown"}}, {"type": "Feature", "geometry": {"type": "Point", "coordinates": [-112.0280787, 41.273943]}, "properties": {"osm_id": 13317102101, "type": "public", "operator": "Unknown"}}, {"type": "Feature", "geometry": {"type": "Point", "coordinates": [-112.0811676, 41.3047835]}, "properties": {"osm_id": 13317474401, "type": "public", "operator": "Unknown"}}, {"type": "Feature", "geometry": {"type": "Point", "coordinates": [-112.0265577, 41.306875]}, "properties": {"osm_id": 13317503101, "type": "public", "operator": "Unknown"}}, {"type": "Feature", "geometry": {"type": "Point", "coordinates": [-111.9774965, 41.2081111]}, "properties": {"osm_id": 13317722101, "type": "public", "operator": "Unknown"}}, {"type": "Feature", "geometry": {"type": "Point", "coordinates": [-111.9774965, 41.2081111]}, "properties": {"osm_id": 13317727502, "type": "public", "operator": "Unknown"}}, {"type": "Feature", "geometry": {"type": "Point", "coordinates": [-111.9774965, 41.2081111]}, "properties": {"osm_id": 13317745303, "type": "public", "operator": "Unknown"}}, {"type": "Feature", "geometry": {"type": "Point", "coordinates": [-111.9774965, 41.2081111]}, "properties": {"osm_id": 13317750201, "type": "public", "operator": "Unknown"}}, {"type": "Feature", "geometry": {"type": "Point", "coordinates": [-111.9678353, 41.2082832]}, "properties": {"osm_id": 13317751002, "type": "public", "operator": "Unknown"}}, {"type": "Feature", "geometry": {"type": "Point", "coordinates": [-112.0075199, 41.2673532]}, "properties": {"osm_id": 13317751003, "type": "public", "operator": "Unknown"}}, {"type": "Feature", "geometry": {"type": "Point", "coordinates": [-112.0094122, 41.2503175]}, "properties": {"osm_id": 13317752901, "type": "public", "operator": "Unknown"}}, {"type": "Feature", "geometry": {"type": "Point", "coordinates": [-111.9735161, 41.2153495]}, "properties": {"osm_id": 13318134802, "type": "public", "operator": "Unknown"}}, {"type": "Feature", "geometry": {"type": "Point", "coordinates": [-111.9708541, 41.2121691]}, "properties": {"osm_id": 13320022201, "type": "public", "operator": "Unknown"}}, {"type": "Feature", "geometry": {"type": "Point", "coordinates": [-111.4049633, 40.4847679]}, "properties": {"osm_id": 13320089901, "type": "public", "operator": "Unknown"}}, {"type": "Feature", "geometry": {"type": "Point", "coordinates": [-111.7680011, 40.3697417]}, "properties": {"osm_id": 13320195608, "type": "Camera", "operator": "Unknown"}}, {"type": "Feature", "geometry": {"type": "Point", "coordinates": [-111.7476239, 40.3717316]}, "properties": {"osm_id": 13320207325, "type": "Camera", "operator": "Unknown"}}, {"type": "Feature", "geometry": {"type": "Point", "coordinates": [-111.427051, 40.5067929]}, "properties": {"osm_id": 13322895801, "type": "public", "operator": "Unknown"}}, {"type": "Feature", "geometry": {"type": "Point", "coordinates": [-111.4134492, 40.5141753]}, "properties": {"osm_id": 13322908601, "type": "public", "operator": "Unknown"}}, {"type": "Feature", "geometry": {"type": "Point", "coordinates": [-111.4133693, 40.5036108]}, "properties": {"osm_id": 13322911001, "type": "public", "operator": "Unknown"}}, {"type": "Feature", "geometry": {"type": "Point", "coordinates": [-111.4136709, 40.5059553]}, "properties": {"osm_id": 13322915401, "type": "public", "operator": "Unknown"}}, {"type": "Feature", "geometry": {"type": "Point", "coordinates": [-111.4130953, 40.4929594]}, "properties": {"osm_id": 13322921301, "type": "public", "operator": "Unknown"}}, {"type": "Feature", "geometry": {"type": "Point", "coordinates": [-111.8534804, 40.7225439]}, "properties": {"osm_id": 13323141001, "type": "public", "operator": "Unknown"}}, {"type": "Feature", "geometry": {"type": "Point", "coordinates": [-112.0064608, 41.2293121]}, "properties": {"osm_id": 13323167401, "type": "public", "operator": "Unknown"}}, {"type": "Feature", "geometry": {"type": "Point", "coordinates": [-111.9690494, 41.1031464]}, "properties": {"osm_id": 13323248001, "type": "public", "operator": "Unknown"}}, {"type": "Feature", "geometry": {"type": "Point", "coordinates": [-111.972848, 41.1002274]}, "properties": {"osm_id": 13323248301, "type": "public", "operator": "Unknown"}}, {"type": "Feature", "geometry": {"type": "Point", "coordinates": [-112.4578998, 40.6217716]}, "properties": {"osm_id": 13324410901, "type": "public", "operator": "Unknown"}}, {"type": "Feature", "geometry": {"type": "Point", "coordinates": [-111.8995317, 40.7768516]}, "properties": {"osm_id": 13324666301, "type": "public", "operator": "Unknown"}}, {"type": "Feature", "geometry": {"type": "Point", "coordinates": [-111.9154742, 40.8292502]}, "properties": {"osm_id": 13324679901, "type": "public", "operator": "Unknown"}}, {"type": "Feature", "geometry": {"type": "Point", "coordinates": [-111.9143525, 40.8338505]}, "properties": {"osm_id": 13324733502, "type": "public", "operator": "Unknown"}}, {"type": "Feature", "geometry": {"type": "Point", "coordinates": [-111.8929636, 40.5483088]}, "properties": {"osm_id": 13325097201, "type": "public", "operator": "Unknown"}}, {"type": "Feature", "geometry": {"type": "Point", "coordinates": [-111.9055495, 40.7759644]}, "properties": {"osm_id": 13326695501, "type": "public", "operator": "Unknown"}}, {"type": "Feature", "geometry": {"type": "Point", "coordinates": [-111.9081341, 40.8462193]}, "properties": {"osm_id": 13326697101, "type": "public", "operator": "Unknown"}}, {"type": "Feature", "geometry": {"type": "Point", "coordinates": [-111.6578332, 40.3133335]}, "properties": {"osm_id": 13326942202, "type": "public", "operator": "Unknown"}}, {"type": "Feature", "geometry": {"type": "Point", "coordinates": [-111.6431067, 40.2565946]}, "properties": {"osm_id": 13328546301, "type": "Camera", "operator": "Unknown"}}, {"type": "Feature", "geometry": {"type": "Point", "coordinates": [-111.9783535, 41.3058936]}, "properties": {"osm_id": 13332396101, "type": "public", "operator": "Unknown"}}, {"type": "Feature", "geometry": {"type": "Point", "coordinates": [-111.9798004, 41.3054457]}, "properties": {"osm_id": 13332399501, "type": "public", "operator": "Unknown"}}, {"type": "Feature", "geometry": {"type": "Point", "coordinates": [-112.0284247, 41.2518856]}, "properties": {"osm_id": 13334604301, "type": "public", "operator": "Unknown"}}, {"type": "Feature", "geometry": {"type": "Point", "coordinates": [-111.8604209, 40.6212779]}, "properties": {"osm_id": 13334720701, "type": "public", "operator": "Unknown"}}, {"type": "Feature", "geometry": {"type": "Point", "coordinates": [-111.8615953, 40.6214685]}, "properties": {"osm_id": 13334723501, "type": "public", "operator": "Unknown"}}, {"type": "Feature", "geometry": {"type": "Point", "coordinates": [-111.8612116, 40.6206963]}, "properties": {"osm_id": 13334723901, "type": "public", "operator": "Unknown"}}, {"type": "Feature", "geometry": {"type": "Point", "coordinates": [-111.9816858, 40.5619518]}, "properties": {"osm_id": 13334763702, "type": "public", "operator": "Unknown"}}, {"type": "Feature", "geometry": {"type": "Point", "coordinates": [-111.989085, 40.7853514]}, "properties": {"osm_id": 13337991909, "type": "Camera", "operator": "Unknown"}}, {"type": "Feature", "geometry": {"type": "Point", "coordinates": [-112.0932472, 41.2016082]}, "properties": {"osm_id": 13339390040, "type": "Camera", "operator": "Unknown"}}, {"type": "Feature", "geometry": {"type": "Point", "coordinates": [-112.073037, 41.1908935]}, "properties": {"osm_id": 13339412011, "type": "Camera", "operator": "Unknown"}}, {"type": "Feature", "geometry": {"type": "Point", "coordinates": [-112.026156, 41.2197875]}, "properties": {"osm_id": 13339435094, "type": "Camera", "operator": "Unknown"}}, {"type": "Feature", "geometry": {"type": "Point", "coordinates": [-111.8722571, 40.6208065]}, "properties": {"osm_id": 13340785302, "type": "public", "operator": "Unknown"}}, {"type": "Feature", "geometry": {"type": "Point", "coordinates": [-111.8722571, 40.6208065]}, "properties": {"osm_id": 13340788501, "type": "public", "operator": "Unknown"}}, {"type": "Feature", "geometry": {"type": "Point", "coordinates": [-111.8890604, 40.8941103]}, "properties": {"osm_id": 13343851501, "type": "public", "operator": "Unknown"}}, {"type": "Feature", "geometry": {"type": "Point", "coordinates": [-111.6482945, 40.2522531]}, "properties": {"osm_id": 13345298502, "type": "Camera", "operator": "Unknown"}}, {"type": "Feature", "geometry": {"type": "Point", "coordinates": [-111.6482382, 40.2522635]}, "properties": {"osm_id": 13345301101, "type": "Camera", "operator": "Unknown"}}, {"type": "Feature", "geometry": {"type": "Point", "coordinates": [-111.9705008, 41.2146632]}, "properties": {"osm_id": 13345313801, "type": "public", "operator": "Unknown"}}, {"type": "Feature", "geometry": {"type": "Point", "coordinates": [-111.9678865, 41.2142248]}, "properties": {"osm_id": 13345314601, "type": "public", "operator": "Unknown"}}, {"type": "Feature", "geometry": {"type": "Point", "coordinates": [-111.9608547, 40.6943194]}, "properties": {"osm_id": 13346556885, "type": "Camera", "operator": "Unknown"}}, {"type": "Feature", "geometry": {"type": "Point", "coordinates": [-113.6293044, 37.1240863]}, "properties": {"osm_id": 13346589778, "type": "lpr", "operator": "Unknown"}}, {"type": "Feature", "geometry": {"type": "Point", "coordinates": [-111.8653912, 40.6729641]}, "properties": {"osm_id": 13346607002, "type": "public", "operator": "Unknown"}}, {"type": "Feature", "geometry": {"type": "Point", "coordinates": [-111.8655857, 40.6976165]}, "properties": {"osm_id": 13346616301, "type": "public", "operator": "Unknown"}}, {"type": "Feature", "geometry": {"type": "Point", "coordinates": [-111.8380735, 39.6839997]}, "properties": {"osm_id": 13346623201, "type": "public", "operator": "Unknown"}}, {"type": "Feature", "geometry": {"type": "Point", "coordinates": [-111.9615494, 40.6967967]}, "properties": {"osm_id": 13346751201, "type": "public", "operator": "Unknown"}}, {"type": "Feature", "geometry": {"type": "Point", "coordinates": [-111.9602833, 40.6960364]}, "properties": {"osm_id": 13346751202, "type": "public", "operator": "Unknown"}}, {"type": "Feature", "geometry": {"type": "Point", "coordinates": [-111.9571089, 40.6964991]}, "properties": {"osm_id": 13346763801, "type": "public", "operator": "Unknown"}}, {"type": "Feature", "geometry": {"type": "Point", "coordinates": [-111.9585371, 40.6956154]}, "properties": {"osm_id": 13346774001, "type": "public", "operator": "Unknown"}}, {"type": "Feature", "geometry": {"type": "Point", "coordinates": [-111.9588497, 40.6944188]}, "properties": {"osm_id": 13346836002, "type": "public", "operator": "Unknown"}}, {"type": "Feature", "geometry": {"type": "Point", "coordinates": [-111.9588497, 40.6944188]}, "properties": {"osm_id": 13346840601, "type": "public", "operator": "Unknown"}}, {"type": "Feature", "geometry": {"type": "Point", "coordinates": [-112.2891054, 40.6532004]}, "properties": {"osm_id": 13347660101, "type": "public", "operator": "Unknown"}}, {"type": "Feature", "geometry": {"type": "Point", "coordinates": [-112.2890976, 40.6532634]}, "properties": {"osm_id": 13347661301, "type": "public", "operator": "Unknown"}}, {"type": "Feature", "geometry": {"type": "Point", "coordinates": [-111.716074, 40.275194]}, "properties": {"osm_id": 13348671401, "type": "public", "operator": "Unknown"}}, {"type": "Feature", "geometry": {"type": "Point", "coordinates": [-111.713761, 40.2746105]}, "properties": {"osm_id": 13348673001, "type": "public", "operator": "Unknown"}}, {"type": "Feature", "geometry": {"type": "Point", "coordinates": [-113.0135646, 37.1667067]}, "properties": {"osm_id": 13348852201, "type": "public", "operator": "Unknown"}}, {"type": "Feature", "geometry": {"type": "Point", "coordinates": [-111.9065391, 40.7969185]}, "properties": {"osm_id": 13349088001, "type": "public", "operator": "Unknown"}}, {"type": "Feature", "geometry": {"type": "Point", "coordinates": [-111.9176951, 40.8057311]}, "properties": {"osm_id": 13349088101, "type": "public", "operator": "Unknown"}}, {"type": "Feature", "geometry": {"type": "Point", "coordinates": [-113.0136799, 37.166802]}, "properties": {"osm_id": 13351437601, "type": "public", "operator": "Unknown"}}, {"type": "Feature", "geometry": {"type": "Point", "coordinates": [-111.7030663, 40.3121327]}, "properties": {"osm_id": 13352005001, "type": "public", "operator": "Unknown"}}, {"type": "Feature", "geometry": {"type": "Point", "coordinates": [-111.8957819, 40.7605292]}, "properties": {"osm_id": 13352258401, "type": "public", "operator": "Unknown"}}, {"type": "Feature", "geometry": {"type": "Point", "coordinates": [-111.8935486, 40.6778881]}, "properties": {"osm_id": 13356250701, "type": "public", "operator": "Unknown"}}, {"type": "Feature", "geometry": {"type": "Point", "coordinates": [-111.8931148, 40.6778864]}, "properties": {"osm_id": 13356251001, "type": "public", "operator": "Unknown"}}, {"type": "Feature", "geometry": {"type": "Point", "coordinates": [-111.9692805, 41.2868529]}, "properties": {"osm_id": 13356509702, "type": "public", "operator": "Unknown"}}, {"type": "Feature", "geometry": {"type": "Point", "coordinates": [-111.7239124, 40.2970807]}, "properties": {"osm_id": 13356863001, "type": "public", "operator": "Unknown"}}, {"type": "Feature", "geometry": {"type": "Point", "coordinates": [-111.8880605, 40.7288159]}, "properties": {"osm_id": 13358372301, "type": "public", "operator": "Unknown"}}, {"type": "Feature", "geometry": {"type": "Point", "coordinates": [-111.8898376, 40.7336402]}, "properties": {"osm_id": 13358376801, "type": "public", "operator": "Unknown"}}, {"type": "Feature", "geometry": {"type": "Point", "coordinates": [-111.7394558, 40.3260655]}, "properties": {"osm_id": 13360393092, "type": "Camera", "operator": "Unknown"}}, {"type": "Feature", "geometry": {"type": "Point", "coordinates": [-111.8324415, 40.6094084]}, "properties": {"osm_id": 13360552306, "type": "public", "operator": "Unknown"}}, {"type": "Feature", "geometry": {"type": "Point", "coordinates": [-113.5836623, 37.0850504]}, "properties": {"osm_id": 13361560101, "type": "public", "operator": "Unknown"}}, {"type": "Feature", "geometry": {"type": "Point", "coordinates": [-111.4136301, 40.5035953]}, "properties": {"osm_id": 13362150201, "type": "public", "operator": "Unknown"}}, {"type": "Feature", "geometry": {"type": "Point", "coordinates": [-113.5836246, 37.0850592]}, "properties": {"osm_id": 13362750702, "type": "public", "operator": "Unknown"}}, {"type": "Feature", "geometry": {"type": "Point", "coordinates": [-113.5665901, 37.0963776]}, "properties": {"osm_id": 13362750703, "type": "public", "operator": "Unknown"}}, {"type": "Feature", "geometry": {"type": "Point", "coordinates": [-112.0245754, 40.5537535]}, "properties": {"osm_id": 13363740201, "type": "public", "operator": "Unknown"}}, {"type": "Feature", "geometry": {"type": "Point", "coordinates": [-113.6292263, 37.1241363]}, "properties": {"osm_id": 13363802501, "type": "public", "operator": "Unknown"}}, {"type": "Feature", "geometry": {"type": "Point", "coordinates": [-113.5847277, 37.0620436]}, "properties": {"osm_id": 13363945702, "type": "public", "operator": "Unknown"}}, {"type": "Feature", "geometry": {"type": "Point", "coordinates": [-111.6760089, 40.260002]}, "properties": {"osm_id": 13364056601, "type": "public", "operator": "Unknown"}}, {"type": "Feature", "geometry": {"type": "Point", "coordinates": [-111.7005122, 40.3117828]}, "properties": {"osm_id": 13364396101, "type": "public", "operator": "Unknown"}}, {"type": "Feature", "geometry": {"type": "Point", "coordinates": [-111.889736, 40.7611755]}, "properties": {"osm_id": 13366167801, "type": "public", "operator": "Unknown"}}, {"type": "Feature", "geometry": {"type": "Point", "coordinates": [-112.0402309, 41.1978692]}, "properties": {"osm_id": 13368266829, "type": "Camera", "operator": "Unknown"}}, {"type": "Feature", "geometry": {"type": "Point", "coordinates": [-112.0301142, 41.2046874]}, "properties": {"osm_id": 13368286378, "type": "Camera", "operator": "Unknown"}}, {"type": "Feature", "geometry": {"type": "Point", "coordinates": [-113.6414649, 37.1415945]}, "properties": {"osm_id": 13368503001, "type": "public", "operator": "Unknown"}}, {"type": "Feature", "geometry": {"type": "Point", "coordinates": [-113.1559305, 37.6848947]}, "properties": {"osm_id": 13370519301, "type": "public", "operator": "Unknown"}}, {"type": "Feature", "geometry": {"type": "Point", "coordinates": [-113.1065857, 37.6843148]}, "properties": {"osm_id": 13370523501, "type": "public", "operator": "Unknown"}}, {"type": "Feature", "geometry": {"type": "Point", "coordinates": [-111.8598292, 40.6999524]}, "properties": {"osm_id": 13372713101, "type": "public", "operator": "Unknown"}}, {"type": "Feature", "geometry": {"type": "Point", "coordinates": [-112.0605266, 41.1905395]}, "properties": {"osm_id": 13372995901, "type": "public", "operator": "Unknown"}}, {"type": "Feature", "geometry": {"type": "Point", "coordinates": [-111.8532947, 40.5415494]}, "properties": {"osm_id": 13373003901, "type": "public", "operator": "Unknown"}}, {"type": "Feature", "geometry": {"type": "Point", "coordinates": [-111.8893439, 40.6309958]}, "properties": {"osm_id": 13373111101, "type": "public", "operator": "Unknown"}}, {"type": "Feature", "geometry": {"type": "Point", "coordinates": [-111.6559512, 40.2516121]}, "properties": {"osm_id": 13374113801, "type": "Camera", "operator": "BYU PD"}}, {"type": "Feature", "geometry": {"type": "Point", "coordinates": [-111.655945, 40.2530659]}, "properties": {"osm_id": 13374113802, "type": "Camera", "operator": "Unknown"}}, {"type": "Feature", "geometry": {"type": "Point", "coordinates": [-111.939152, 40.7520416]}, "properties": {"osm_id": 13375032001, "type": "public", "operator": "Unknown"}}, {"type": "Feature", "geometry": {"type": "Point", "coordinates": [-112.1127933, 41.1649793]}, "properties": {"osm_id": 13380394801, "type": "public", "operator": "Unknown"}}, {"type": "Feature", "geometry": {"type": "Point", "coordinates": [-111.9005815, 40.7257014]}, "properties": {"osm_id": 13391153501, "type": "public", "operator": "The Home Depot"}}, {"type": "Feature", "geometry": {"type": "Point", "coordinates": [-111.6624072, 40.2132666]}, "properties": {"osm_id": 13391304101, "type": "public", "operator": "Unknown"}}, {"type": "Feature", "geometry": {"type": "Point", "coordinates": [-111.6621666, 40.2314757]}, "properties": {"osm_id": 13396123201, "type": "public", "operator": "Unknown"}}, {"type": "Feature", "geometry": {"type": "Point", "coordinates": [-111.6588006, 40.2159795]}, "properties": {"osm_id": 13396167801, "type": "public", "operator": "Unknown"}}, {"type": "Feature", "geometry": {"type": "Point", "coordinates": [-111.6587876, 40.2164498]}, "properties": {"osm_id": 13396169701, "type": "public", "operator": "Unknown"}}, {"type": "Feature", "geometry": {"type": "Point", "coordinates": [-109.0630359, 40.2794479]}, "properties": {"osm_id": 13397589701, "type": "public", "operator": "Unknown"}}, {"type": "Feature", "geometry": {"type": "Point", "coordinates": [-111.687289, 40.0492622]}, "properties": {"osm_id": 13401839901, "type": "public", "operator": "Unknown"}}, {"type": "Feature", "geometry": {"type": "Point", "coordinates": [-111.8720763, 40.5679261]}, "properties": {"osm_id": 13410422856, "type": "Camera", "operator": "Unknown"}}, {"type": "Feature", "geometry": {"type": "Point", "coordinates": [-113.6296907, 37.1244965]}, "properties": {"osm_id": 13414101601, "type": "public", "operator": "Unknown"}}, {"type": "Feature", "geometry": {"type": "Point", "coordinates": [-111.6572424, 40.2442889]}, "properties": {"osm_id": 13414653201, "type": "Camera", "operator": "Unknown"}}, {"type": "Feature", "geometry": {"type": "Point", "coordinates": [-113.5216373, 37.1264206]}, "properties": {"osm_id": 13415820201, "type": "public", "operator": "The Home Depot"}}, {"type": "Feature", "geometry": {"type": "Point", "coordinates": [-113.5216462, 37.1270176]}, "properties": {"osm_id": 13415822501, "type": "public", "operator": "The Home Depot"}}, {"type": "Feature", "geometry": {"type": "Point", "coordinates": [-111.81811, 39.7105259]}, "properties": {"osm_id": 13416829601, "type": "public", "operator": "Unknown"}}, {"type": "Feature", "geometry": {"type": "Point", "coordinates": [-113.521819, 37.1274499]}, "properties": {"osm_id": 13418718801, "type": "public", "operator": "Unknown"}}, {"type": "Feature", "geometry": {"type": "Point", "coordinates": [-113.5203067, 37.1276391]}, "properties": {"osm_id": 13418724201, "type": "public", "operator": "Unknown"}}, {"type": "Feature", "geometry": {"type": "Point", "coordinates": [-113.5203145, 37.1276581]}, "properties": {"osm_id": 13418724301, "type": "public", "operator": "Unknown"}}, {"type": "Feature", "geometry": {"type": "Point", "coordinates": [-111.939018, 40.6526028]}, "properties": {"osm_id": 13429473002, "type": "public", "operator": "Unknown"}}, {"type": "Feature", "geometry": {"type": "Point", "coordinates": [-111.907205, 40.6672027]}, "properties": {"osm_id": 13429473501, "type": "public", "operator": "Unknown"}}, {"type": "Feature", "geometry": {"type": "Point", "coordinates": [-111.8714358, 40.7201031]}, "properties": {"osm_id": 13429477401, "type": "public", "operator": "Unknown"}}, {"type": "Feature", "geometry": {"type": "Point", "coordinates": [-111.6848937, 40.2746999]}, "properties": {"osm_id": 13429772001, "type": "public", "operator": "Unknown"}}, {"type": "Feature", "geometry": {"type": "Point", "coordinates": [-111.8998334, 40.7267255]}, "properties": {"osm_id": 13431257802, "type": "public", "operator": "The Home Depot"}}, {"type": "Feature", "geometry": {"type": "Point", "coordinates": [-111.9362315, 40.7331947]}, "properties": {"osm_id": 13435237001, "type": "public", "operator": "Unknown"}}, {"type": "Feature", "geometry": {"type": "Point", "coordinates": [-113.0862223, 37.6511164]}, "properties": {"osm_id": 13435993002, "type": "public", "operator": "Unknown"}}, {"type": "Feature", "geometry": {"type": "Point", "coordinates": [-113.0619949, 37.6807564]}, "properties": {"osm_id": 13436050601, "type": "public", "operator": "Unknown"}}, {"type": "Feature", "geometry": {"type": "Point", "coordinates": [-113.0616351, 37.6810603]}, "properties": {"osm_id": 13436054401, "type": "public", "operator": "Unknown"}}, {"type": "Feature", "geometry": {"type": "Point", "coordinates": [-111.8714545, 40.7117593]}, "properties": {"osm_id": 13436686801, "type": "public", "operator": "Unknown"}}, {"type": "Feature", "geometry": {"type": "Point", "coordinates": [-111.6295406, 40.2248664]}, "properties": {"osm_id": 13440282359, "type": "Camera", "operator": "Unknown"}}, {"type": "Feature", "geometry": {"type": "Point", "coordinates": [-111.8219083, 40.3846399]}, "properties": {"osm_id": 13443106002, "type": "public", "operator": "Unknown"}}, {"type": "Feature", "geometry": {"type": "Point", "coordinates": [-111.8228102, 40.3860371]}, "properties": {"osm_id": 13443107401, "type": "public", "operator": "Unknown"}}, {"type": "Feature", "geometry": {"type": "Point", "coordinates": [-111.8220952, 40.3859428]}, "properties": {"osm_id": 13443114801, "type": "public", "operator": "Unknown"}}, {"type": "Feature", "geometry": {"type": "Point", "coordinates": [-111.7301404, 40.3274416]}, "properties": {"osm_id": 13443809201, "type": "public", "operator": "Unknown"}}, {"type": "Feature", "geometry": {"type": "Point", "coordinates": [-111.7307378, 40.3291805]}, "properties": {"osm_id": 13443810401, "type": "public", "operator": "Unknown"}}, {"type": "Feature", "geometry": {"type": "Point", "coordinates": [-111.7309222, 40.32835]}, "properties": {"osm_id": 13443810901, "type": "public", "operator": "Unknown"}}, {"type": "Feature", "geometry": {"type": "Point", "coordinates": [-111.7292851, 40.3274257]}, "properties": {"osm_id": 13443818701, "type": "public", "operator": "Unknown"}}, {"type": "Feature", "geometry": {"type": "Point", "coordinates": [-111.661002, 40.2134512]}, "properties": {"osm_id": 13443856001, "type": "public", "operator": "Unknown"}}, {"type": "Feature", "geometry": {"type": "Point", "coordinates": [-111.9281907, 40.7801571]}, "properties": {"osm_id": 13446393901, "type": "public", "operator": "Unknown"}}, {"type": "Feature", "geometry": {"type": "Point", "coordinates": [-111.9390099, 40.7797978]}, "properties": {"osm_id": 13446393902, "type": "public", "operator": "Unknown"}}, {"type": "Feature", "geometry": {"type": "Point", "coordinates": [-111.9395964, 40.7720489]}, "properties": {"osm_id": 13446395601, "type": "public", "operator": "Unknown"}}, {"type": "Feature", "geometry": {"type": "Point", "coordinates": [-111.8909963, 40.6110985]}, "properties": {"osm_id": 13446569201, "type": "public", "operator": "Unknown"}}, {"type": "Feature", "geometry": {"type": "Point", "coordinates": [-112.0642419, 41.1272072]}, "properties": {"osm_id": 13446807603, "type": "public", "operator": "Unknown"}}, {"type": "Feature", "geometry": {"type": "Point", "coordinates": [-112.0121636, 41.1037264]}, "properties": {"osm_id": 13446989901, "type": "public", "operator": "Unknown"}}, {"type": "Feature", "geometry": {"type": "Point", "coordinates": [-112.0207922, 41.1704974]}, "properties": {"osm_id": 13446991701, "type": "public", "operator": "Unknown"}}, {"type": "Feature", "geometry": {"type": "Point", "coordinates": [-111.9928908, 41.2005994]}, "properties": {"osm_id": 13446998501, "type": "public", "operator": "Unknown"}}, {"type": "Feature", "geometry": {"type": "Point", "coordinates": [-111.8696125, 40.7242781]}, "properties": {"osm_id": 13446999001, "type": "public", "operator": "Unknown"}}, {"type": "Feature", "geometry": {"type": "Point", "coordinates": [-111.9578882, 40.5684894]}, "properties": {"osm_id": 13447444307, "type": "Camera", "operator": "Unknown"}}, {"type": "Feature", "geometry": {"type": "Point", "coordinates": [-111.9038431, 40.5881909]}, "properties": {"osm_id": 13447447745, "type": "outdoor", "operator": "Unknown"}}, {"type": "Feature", "geometry": {"type": "Point", "coordinates": [-111.9108388, 40.5875626]}, "properties": {"osm_id": 13447451292, "type": "outdoor", "operator": "Unknown"}}, {"type": "Feature", "geometry": {"type": "Point", "coordinates": [-111.5595708, 40.1511972]}, "properties": {"osm_id": 13448504801, "type": "public", "operator": "Unknown"}}, {"type": "Feature", "geometry": {"type": "Point", "coordinates": [-111.7136752, 40.3342189]}, "properties": {"osm_id": 13448570007, "type": "public", "operator": "Unknown"}}, {"type": "Feature", "geometry": {"type": "Point", "coordinates": [-111.9649971, 41.212261]}, "properties": {"osm_id": 13451480101, "type": "public", "operator": "Unknown"}}, {"type": "Feature", "geometry": {"type": "Point", "coordinates": [-111.8893482, 40.5460074]}, "properties": {"osm_id": 13451536202, "type": "public", "operator": "Unknown"}}, {"type": "Feature", "geometry": {"type": "Point", "coordinates": [-111.8894055, 40.5451835]}, "properties": {"osm_id": 13451543601, "type": "public", "operator": "Unknown"}}, {"type": "Feature", "geometry": {"type": "Point", "coordinates": [-111.8880299, 40.5443744]}, "properties": {"osm_id": 13451547301, "type": "public", "operator": "Unknown"}}, {"type": "Feature", "geometry": {"type": "Point", "coordinates": [-111.9042469, 40.7521357]}, "properties": {"osm_id": 13451793501, "type": "public", "operator": "Unknown"}}, {"type": "Feature", "geometry": {"type": "Point", "coordinates": [-111.851957, 40.6992053]}, "properties": {"osm_id": 13454303401, "type": "public", "operator": "Unknown"}}, {"type": "Feature", "geometry": {"type": "Point", "coordinates": [-111.850005, 40.6966939]}, "properties": {"osm_id": 13454308201, "type": "public", "operator": "Unknown"}}, {"type": "Feature", "geometry": {"type": "Point", "coordinates": [-111.8600095, 40.6999831]}, "properties": {"osm_id": 13454313701, "type": "public", "operator": "Unknown"}}, {"type": "Feature", "geometry": {"type": "Point", "coordinates": [-111.8892619, 40.9230208]}, "properties": {"osm_id": 13454379001, "type": "public", "operator": "Unknown"}}, {"type": "Feature", "geometry": {"type": "Point", "coordinates": [-111.887944, 40.9224285]}, "properties": {"osm_id": 13454379301, "type": "public", "operator": "Unknown"}}, {"type": "Feature", "geometry": {"type": "Point", "coordinates": [-111.8892923, 40.9214049]}, "properties": {"osm_id": 13454379401, "type": "public", "operator": "Unknown"}}, {"type": "Feature", "geometry": {"type": "Point", "coordinates": [-111.8883327, 40.9216247]}, "properties": {"osm_id": 13454380201, "type": "public", "operator": "Unknown"}}, {"type": "Feature", "geometry": {"type": "Point", "coordinates": [-111.9823981, 40.6180411]}, "properties": {"osm_id": 13456531601, "type": "public", "operator": "Unknown"}}, {"type": "Feature", "geometry": {"type": "Point", "coordinates": [-111.919856, 40.3851778]}, "properties": {"osm_id": 13456568702, "type": "Camera", "operator": "Unknown"}}, {"type": "Feature", "geometry": {"type": "Point", "coordinates": [-111.9210753, 40.3859355]}, "properties": {"osm_id": 13456570002, "type": "Camera", "operator": "Unknown"}}, {"type": "Feature", "geometry": {"type": "Point", "coordinates": [-111.9209515, 40.3859377]}, "properties": {"osm_id": 13456570003, "type": "Camera", "operator": "Unknown"}}, {"type": "Feature", "geometry": {"type": "Point", "coordinates": [-111.9221485, 40.3852613]}, "properties": {"osm_id": 13456574101, "type": "Camera", "operator": "Unknown"}}, {"type": "Feature", "geometry": {"type": "Point", "coordinates": [-111.9221955, 40.3859289]}, "properties": {"osm_id": 13456575101, "type": "Camera", "operator": "Unknown"}}, {"type": "Feature", "geometry": {"type": "Point", "coordinates": [-111.9199793, 40.385945]}, "properties": {"osm_id": 13456577301, "type": "Camera", "operator": "Unknown"}}, {"type": "Feature", "geometry": {"type": "Point", "coordinates": [-111.9103462, 40.6248629]}, "properties": {"osm_id": 13456655301, "type": "public", "operator": "Unknown"}}, {"type": "Feature", "geometry": {"type": "Point", "coordinates": [-111.8685151, 40.6149387]}, "properties": {"osm_id": 13456811001, "type": "public", "operator": "Unknown"}}, {"type": "Feature", "geometry": {"type": "Point", "coordinates": [-111.8876258, 40.9205178]}, "properties": {"osm_id": 13457146301, "type": "public", "operator": "Unknown"}}, {"type": "Feature", "geometry": {"type": "Point", "coordinates": [-111.6434283, 40.161235]}, "properties": {"osm_id": 13458472602, "type": "public", "operator": "Unknown"}}, {"type": "Feature", "geometry": {"type": "Point", "coordinates": [-111.8884769, 40.6856005]}, "properties": {"osm_id": 13458652801, "type": "public", "operator": "Unknown"}}, {"type": "Feature", "geometry": {"type": "Point", "coordinates": [-111.8826812, 40.6869391]}, "properties": {"osm_id": 13458653301, "type": "public", "operator": "Unknown"}}, {"type": "Feature", "geometry": {"type": "Point", "coordinates": [-111.8885258, 40.6759383]}, "properties": {"osm_id": 13458664801, "type": "public", "operator": "Unknown"}}, {"type": "Feature", "geometry": {"type": "Point", "coordinates": [-111.9057007, 40.674698]}, "properties": {"osm_id": 13458883301, "type": "public", "operator": "Unknown"}}, {"type": "Feature", "geometry": {"type": "Point", "coordinates": [-111.9139895, 40.6740716]}, "properties": {"osm_id": 13458883401, "type": "public", "operator": "Unknown"}}, {"type": "Feature", "geometry": {"type": "Point", "coordinates": [-111.8723517, 40.9062263]}, "properties": {"osm_id": 13459337401, "type": "public", "operator": "Unknown"}}, {"type": "Feature", "geometry": {"type": "Point", "coordinates": [-111.9396117, 40.6797861]}, "properties": {"osm_id": 13459546702, "type": "public", "operator": "Unknown"}}, {"type": "Feature", "geometry": {"type": "Point", "coordinates": [-111.9396583, 40.6797938]}, "properties": {"osm_id": 13459552101, "type": "public", "operator": "Unknown"}}, {"type": "Feature", "geometry": {"type": "Point", "coordinates": [-111.9396862, 40.6797455]}, "properties": {"osm_id": 13459552102, "type": "public", "operator": "Unknown"}}, {"type": "Feature", "geometry": {"type": "Point", "coordinates": [-111.9322249, 40.8412134]}, "properties": {"osm_id": 13460817101, "type": "public", "operator": "Unknown"}}, {"type": "Feature", "geometry": {"type": "Point", "coordinates": [-111.8945848, 40.8542211]}, "properties": {"osm_id": 13461589463, "type": "Camera", "operator": "Unknown"}}, {"type": "Feature", "geometry": {"type": "Point", "coordinates": [-111.8534741, 40.6231608]}, "properties": {"osm_id": 13462761701, "type": "public", "operator": "The Home Depot"}}, {"type": "Feature", "geometry": {"type": "Point", "coordinates": [-111.8543198, 40.622273]}, "properties": {"osm_id": 13462794601, "type": "public", "operator": "The Home Depot"}}, {"type": "Feature", "geometry": {"type": "Point", "coordinates": [-113.6178704, 37.1239004]}, "properties": {"osm_id": 13463171401, "type": "public", "operator": "Unknown"}}, {"type": "Feature", "geometry": {"type": "Point", "coordinates": [-111.6493765, 40.1096595]}, "properties": {"osm_id": 13469684647, "type": "public", "operator": "Utah Department of Transportation"}}, {"type": "Feature", "geometry": {"type": "Point", "coordinates": [-111.4321122, 40.684504]}, "properties": {"osm_id": 13472327391, "type": "public", "operator": "Unknown"}}, {"type": "Feature", "geometry": {"type": "Point", "coordinates": [-109.3375453, 40.3696453]}, "properties": {"osm_id": 13473959301, "type": "public", "operator": "Unknown"}}, {"type": "Feature", "geometry": {"type": "Point", "coordinates": [-113.6178769, 37.1239231]}, "properties": {"osm_id": 13473992101, "type": "public", "operator": "Unknown"}}, {"type": "Feature", "geometry": {"type": "Point", "coordinates": [-113.6163574, 37.124567]}, "properties": {"osm_id": 13474026001, "type": "public", "operator": "Unknown"}}, {"type": "Feature", "geometry": {"type": "Point", "coordinates": [-113.6163243, 37.1237674]}, "properties": {"osm_id": 13474028201, "type": "public", "operator": "Unknown"}}, {"type": "Feature", "geometry": {"type": "Point", "coordinates": [-113.605107, 37.0832747]}, "properties": {"osm_id": 13474053501, "type": "public", "operator": "Unknown"}}, {"type": "Feature", "geometry": {"type": "Point", "coordinates": [-113.6047246, 37.0835739]}, "properties": {"osm_id": 13474054201, "type": "public", "operator": "Unknown"}}, {"type": "Feature", "geometry": {"type": "Point", "coordinates": [-111.7213565, 40.3118031]}, "properties": {"osm_id": 13477065301, "type": "public", "operator": "Unknown"}}, {"type": "Feature", "geometry": {"type": "Point", "coordinates": [-112.2957557, 40.5654931]}, "properties": {"osm_id": 13478255901, "type": "public", "operator": "Unknown"}}, {"type": "Feature", "geometry": {"type": "Point", "coordinates": [-111.6626153, 40.0721302]}, "properties": {"osm_id": 13479579301, "type": "public", "operator": "Unknown"}}, {"type": "Feature", "geometry": {"type": "Point", "coordinates": [-111.7350305, 40.2972857]}, "properties": {"osm_id": 13480350501, "type": "public", "operator": "Unknown"}}, {"type": "Feature", "geometry": {"type": "Point", "coordinates": [-111.9480173, 40.6093549]}, "properties": {"osm_id": 13480400173, "type": "Camera", "operator": "Unknown"}}, {"type": "Feature", "geometry": {"type": "Point", "coordinates": [-111.9482909, 40.6095891]}, "properties": {"osm_id": 13480400174, "type": "Camera", "operator": "Unknown"}}, {"type": "Feature", "geometry": {"type": "Point", "coordinates": [-111.919868, 40.6992081]}, "properties": {"osm_id": 13502930201, "type": "public", "operator": "Unknown"}}, {"type": "Feature", "geometry": {"type": "Point", "coordinates": [-112.2978698, 40.5727789]}, "properties": {"osm_id": 13502979301, "type": "public", "operator": "Unknown"}}, {"type": "Feature", "geometry": {"type": "Point", "coordinates": [-113.0792785, 37.6960841]}, "properties": {"osm_id": 13504757901, "type": "Camera", "operator": "Unknown"}}, {"type": "Feature", "geometry": {"type": "Point", "coordinates": [-112.2967532, 40.5727853]}, "properties": {"osm_id": 13505182201, "type": "public", "operator": "Unknown"}}, {"type": "Feature", "geometry": {"type": "Point", "coordinates": [-111.9724837, 41.0665835]}, "properties": {"osm_id": 13505870701, "type": "public", "operator": "The Home Depot"}}, {"type": "Feature", "geometry": {"type": "Point", "coordinates": [-109.5743719, 38.6003253]}, "properties": {"osm_id": 13506625408, "type": "public", "operator": "Unknown"}}, {"type": "Feature", "geometry": {"type": "Point", "coordinates": [-110.6938709, 38.4131941]}, "properties": {"osm_id": 13507422101, "type": "public", "operator": "Unknown"}}, {"type": "Feature", "geometry": {"type": "Point", "coordinates": [-110.6938673, 38.4131912]}, "properties": {"osm_id": 13507425501, "type": "public", "operator": "Unknown"}}, {"type": "Feature", "geometry": {"type": "Point", "coordinates": [-110.7072035, 38.374347]}, "properties": {"osm_id": 13507434401, "type": "public", "operator": "Unknown"}}, {"type": "Feature", "geometry": {"type": "Point", "coordinates": [-110.7349511, 38.3783189]}, "properties": {"osm_id": 13507440401, "type": "public", "operator": "Unknown"}}, {"type": "Feature", "geometry": {"type": "Point", "coordinates": [-110.7366231, 38.3778926]}, "properties": {"osm_id": 13507443701, "type": "public", "operator": "Unknown"}}, {"type": "Feature", "geometry": {"type": "Point", "coordinates": [-110.7024739, 38.3686541]}, "properties": {"osm_id": 13507461501, "type": "public", "operator": "Unknown"}}, {"type": "Feature", "geometry": {"type": "Point", "coordinates": [-112.1116531, 39.9558902]}, "properties": {"osm_id": 13507565401, "type": "public", "operator": "Unknown"}}, {"type": "Feature", "geometry": {"type": "Point", "coordinates": [-111.9318333, 40.1730432]}, "properties": {"osm_id": 13507685901, "type": "public", "operator": "Unknown"}}, {"type": "Feature", "geometry": {"type": "Point", "coordinates": [-111.9689262, 41.2862707]}, "properties": {"osm_id": 13508163001, "type": "public", "operator": "Unknown"}}, {"type": "Feature", "geometry": {"type": "Point", "coordinates": [-109.5004454, 38.5253964]}, "properties": {"osm_id": 13509489502, "type": "public", "operator": "Unknown"}}, {"type": "Feature", "geometry": {"type": "Point", "coordinates": [-111.4689709, 40.6944987]}, "properties": {"osm_id": 13511589601, "type": "public", "operator": "Unknown"}}, {"type": "Feature", "geometry": {"type": "Point", "coordinates": [-111.4590427, 40.6844041]}, "properties": {"osm_id": 13511602401, "type": "public", "operator": "Unknown"}}, {"type": "Feature", "geometry": {"type": "Point", "coordinates": [-111.6143491, 40.7524371]}, "properties": {"osm_id": 13511614601, "type": "public", "operator": "Unknown"}}, {"type": "Feature", "geometry": {"type": "Point", "coordinates": [-111.4548896, 40.9904513]}, "properties": {"osm_id": 13511619102, "type": "public", "operator": "Unknown"}}, {"type": "Feature", "geometry": {"type": "Point", "coordinates": [-111.6726045, 40.7393073]}, "properties": {"osm_id": 13511638301, "type": "public", "operator": "Unknown"}}, {"type": "Feature", "geometry": {"type": "Point", "coordinates": [-111.8206907, 40.4025014]}, "properties": {"osm_id": 13512835001, "type": "public", "operator": "Unknown"}}, {"type": "Feature", "geometry": {"type": "Point", "coordinates": [-111.8532664, 40.6065059]}, "properties": {"osm_id": 13513225201, "type": "Camera", "operator": "Unknown"}}, {"type": "Feature", "geometry": {"type": "Point", "coordinates": [-111.8529989, 40.6017014]}, "properties": {"osm_id": 13513523401, "type": "public", "operator": "Unknown"}}, {"type": "Feature", "geometry": {"type": "Point", "coordinates": [-111.9032165, 40.782477]}, "properties": {"osm_id": 13513611216, "type": "public", "operator": "Unknown"}}, {"type": "Feature", "geometry": {"type": "Point", "coordinates": [-111.948037, 40.7716798]}, "properties": {"osm_id": 13513611217, "type": "public", "operator": "Unknown"}}, {"type": "Feature", "geometry": {"type": "Point", "coordinates": [-111.5269323, 40.6788494]}, "properties": {"osm_id": 13513743901, "type": "public", "operator": "Unknown"}}, {"type": "Feature", "geometry": {"type": "Point", "coordinates": [-111.4946535, 40.6672993]}, "properties": {"osm_id": 13513744201, "type": "public", "operator": "Unknown"}}, {"type": "Feature", "geometry": {"type": "Point", "coordinates": [-111.3989697, 40.913587]}, "properties": {"osm_id": 13513744701, "type": "public", "operator": "Unknown"}}, {"type": "Feature", "geometry": {"type": "Point", "coordinates": [-111.9393566, 40.7932867]}, "properties": {"osm_id": 13514908601, "type": "public", "operator": "Unknown"}}, {"type": "Feature", "geometry": {"type": "Point", "coordinates": [-111.7899776, 40.4068792]}, "properties": {"osm_id": 13515570001, "type": "public", "operator": "Unknown"}}, {"type": "Feature", "geometry": {"type": "Point", "coordinates": [-112.0011367, 41.1764445]}, "properties": {"osm_id": 13515868302, "type": "public", "operator": "The Home Depot"}}, {"type": "Feature", "geometry": {"type": "Point", "coordinates": [-112.0011529, 41.1758797]}, "properties": {"osm_id": 13515870701, "type": "public", "operator": "Unknown"}}, {"type": "Feature", "geometry": {"type": "Point", "coordinates": [-112.0038956, 41.1757487]}, "properties": {"osm_id": 13515876201, "type": "public", "operator": "The Home Depot"}}, {"type": "Feature", "geometry": {"type": "Point", "coordinates": [-112.008055, 41.1755972]}, "properties": {"osm_id": 13515906301, "type": "public", "operator": "Unknown"}}, {"type": "Feature", "geometry": {"type": "Point", "coordinates": [-111.8542372, 40.6868597]}, "properties": {"osm_id": 13516890601, "type": "public", "operator": "Unknown"}}, {"type": "Feature", "geometry": {"type": "Point", "coordinates": [-111.9126106, 40.7822118]}, "properties": {"osm_id": 13517685002, "type": "public", "operator": "Unknown"}}, {"type": "Feature", "geometry": {"type": "Point", "coordinates": [-111.944813, 40.7713651]}, "properties": {"osm_id": 13519830401, "type": "public", "operator": "Unknown"}}, {"type": "Feature", "geometry": {"type": "Point", "coordinates": [-111.9051621, 40.6740896]}, "properties": {"osm_id": 13522621201, "type": "public", "operator": "Unknown"}}, {"type": "Feature", "geometry": {"type": "Point", "coordinates": [-111.9037488, 40.6739558]}, "properties": {"osm_id": 13522621601, "type": "public", "operator": "Unknown"}}, {"type": "Feature", "geometry": {"type": "Point", "coordinates": [-111.888063, 40.6876631]}, "properties": {"osm_id": 13522635102, "type": "public", "operator": "Unknown"}}, {"type": "Feature", "geometry": {"type": "Point", "coordinates": [-113.5042515, 37.1301427]}, "properties": {"osm_id": 13525479436, "type": "public", "operator": "Washington City Police Department"}}, {"type": "Feature", "geometry": {"type": "Point", "coordinates": [-111.8519994, 40.6222672]}, "properties": {"osm_id": 13526925354, "type": "Camera", "operator": "The Home Depot"}}, {"type": "Feature", "geometry": {"type": "Point", "coordinates": [-111.8520219, 40.622964]}, "properties": {"osm_id": 13526925355, "type": "Camera", "operator": "The Home Depot"}}, {"type": "Feature", "geometry": {"type": "Point", "coordinates": [-111.8520543, 40.6229984]}, "properties": {"osm_id": 13526925356, "type": "Camera", "operator": "The Home Depot"}}, {"type": "Feature", "geometry": {"type": "Point", "coordinates": [-111.8538202, 40.6229855]}, "properties": {"osm_id": 13526925357, "type": "Camera", "operator": "The Home Depot"}}, {"type": "Feature", "geometry": {"type": "Point", "coordinates": [-111.8329169, 41.7527006]}, "properties": {"osm_id": 13527298006, "type": "public", "operator": "The Home Depot"}}, {"type": "Feature", "geometry": {"type": "Point", "coordinates": [-111.8318373, 41.7526801]}, "properties": {"osm_id": 13527298008, "type": "public", "operator": "The Home Depot"}}, {"type": "Feature", "geometry": {"type": "Point", "coordinates": [-111.8318033, 41.7541245]}, "properties": {"osm_id": 13527303609, "type": "public", "operator": "The Home Depot"}}, {"type": "Feature", "geometry": {"type": "Point", "coordinates": [-111.8328634, 41.7541271]}, "properties": {"osm_id": 13527309301, "type": "public", "operator": "The Home Depot"}}, {"type": "Feature", "geometry": {"type": "Point", "coordinates": [-111.8542231, 40.7008521]}, "properties": {"osm_id": 13530410001, "type": "public", "operator": "Unknown"}}, {"type": "Feature", "geometry": {"type": "Point", "coordinates": [-111.946022, 41.0382865]}, "properties": {"osm_id": 13531373587, "type": "Camera", "operator": "Unknown"}}, {"type": "Feature", "geometry": {"type": "Point", "coordinates": [-109.341752, 37.8935749]}, "properties": {"osm_id": 13532657101, "type": "public", "operator": "Unknown"}}, {"type": "Feature", "geometry": {"type": "Point", "coordinates": [-109.3419938, 37.8937203]}, "properties": {"osm_id": 13532657601, "type": "public", "operator": "Unknown"}}, {"type": "Feature", "geometry": {"type": "Point", "coordinates": [-111.9143729, 41.0131447]}, "properties": {"osm_id": 13535665201, "type": "public", "operator": "Unknown"}}, {"type": "Feature", "geometry": {"type": "Point", "coordinates": [-111.956081, 39.9525633]}, "properties": {"osm_id": 13539040401, "type": "public", "operator": "Unknown"}}, {"type": "Feature", "geometry": {"type": "Point", "coordinates": [-111.9742133, 41.3090709]}, "properties": {"osm_id": 13541688201, "type": "public", "operator": "Unknown"}}, {"type": "Feature", "geometry": {"type": "Point", "coordinates": [-111.8512188, 40.7008943]}, "properties": {"osm_id": 13542102977, "type": "Camera", "operator": "Unknown"}}, {"type": "Feature", "geometry": {"type": "Point", "coordinates": [-111.9744335, 41.0670403]}, "properties": {"osm_id": 13563103984, "type": "Camera", "operator": "Unknown"}}, {"type": "Feature", "geometry": {"type": "Point", "coordinates": [-111.5797924, 40.6077829]}, "properties": {"osm_id": 13563532701, "type": "public", "operator": "Unknown"}}, {"type": "Feature", "geometry": {"type": "Point", "coordinates": [-111.8351785, 39.8213887]}, "properties": {"osm_id": 13565049201, "type": "public", "operator": "Unknown"}}, {"type": "Feature", "geometry": {"type": "Point", "coordinates": [-111.7562176, 40.3504118]}, "properties": {"osm_id": 13565733501, "type": "public", "operator": "Unknown"}}, {"type": "Feature", "geometry": {"type": "Point", "coordinates": [-111.39666, 38.2974008]}, "properties": {"osm_id": 13567165801, "type": "public", "operator": "Unknown"}}, {"type": "Feature", "geometry": {"type": "Point", "coordinates": [-111.3969981, 38.297147]}, "properties": {"osm_id": 13567166301, "type": "public", "operator": "Unknown"}}, {"type": "Feature", "geometry": {"type": "Point", "coordinates": [-113.1109966, 37.6860836]}, "properties": {"osm_id": 13568611341, "type": "Camera", "operator": "Unknown"}}, {"type": "Feature", "geometry": {"type": "Point", "coordinates": [-113.1084598, 37.7063586]}, "properties": {"osm_id": 13568611342, "type": "Camera", "operator": "Unknown"}}, {"type": "Feature", "geometry": {"type": "Point", "coordinates": [-113.1062969, 37.6838263]}, "properties": {"osm_id": 13568611343, "type": "Camera", "operator": "Unknown"}}, {"type": "Feature", "geometry": {"type": "Point", "coordinates": [-113.0796654, 37.6869592]}, "properties": {"osm_id": 13568611344, "type": "Camera", "operator": "Unknown"}}, {"type": "Feature", "geometry": {"type": "Point", "coordinates": [-113.084156, 37.6548304]}, "properties": {"osm_id": 13568611345, "type": "Camera", "operator": "Unknown"}}, {"type": "Feature", "geometry": {"type": "Point", "coordinates": [-113.080779, 37.654248]}, "properties": {"osm_id": 13568611346, "type": "Camera", "operator": "Unknown"}}, {"type": "Feature", "geometry": {"type": "Point", "coordinates": [-113.0344878, 37.6731682]}, "properties": {"osm_id": 13568611347, "type": "Camera", "operator": "Unknown"}}, {"type": "Feature", "geometry": {"type": "Point", "coordinates": [-113.034605, 37.6732299]}, "properties": {"osm_id": 13568611348, "type": "Camera", "operator": "Unknown"}}, {"type": "Feature", "geometry": {"type": "Point", "coordinates": [-113.0622333, 37.6810514]}, "properties": {"osm_id": 13568611349, "type": "public", "operator": "Unknown"}}, {"type": "Feature", "geometry": {"type": "Point", "coordinates": [-113.0541936, 37.7293454]}, "properties": {"osm_id": 13568611350, "type": "Camera", "operator": "Unknown"}}, {"type": "Feature", "geometry": {"type": "Point", "coordinates": [-113.086005, 37.6813885]}, "properties": {"osm_id": 13568611351, "type": "Camera", "operator": "Unknown"}}, {"type": "Feature", "geometry": {"type": "Point", "coordinates": [-113.0864416, 37.6811845]}, "properties": {"osm_id": 13568611352, "type": "Camera", "operator": "Unknown"}}, {"type": "Feature", "geometry": {"type": "Point", "coordinates": [-111.6025018, 40.1447144]}, "properties": {"osm_id": 13571207401, "type": "public", "operator": "Unknown"}}, {"type": "Feature", "geometry": {"type": "Point", "coordinates": [-111.8341159, 40.6281612]}, "properties": {"osm_id": 13571398301, "type": "public", "operator": "Unknown"}}, {"type": "Feature", "geometry": {"type": "Point", "coordinates": [-111.7323737, 40.0543398]}, "properties": {"osm_id": 13573991301, "type": "public", "operator": "Unknown"}}, {"type": "Feature", "geometry": {"type": "Point", "coordinates": [-113.0807922, 37.6671269]}, "properties": {"osm_id": 13574114415, "type": "public", "operator": "Unknown"}}, {"type": "Feature", "geometry": {"type": "Point", "coordinates": [-111.97556, 41.0673047]}, "properties": {"osm_id": 13574746601, "type": "public", "operator": "Unknown"}}, {"type": "Feature", "geometry": {"type": "Point", "coordinates": [-111.9741424, 41.0669511]}, "properties": {"osm_id": 13574746801, "type": "public", "operator": "Unknown"}}, {"type": "Feature", "geometry": {"type": "Point", "coordinates": [-111.9804251, 41.1913183]}, "properties": {"osm_id": 13574764701, "type": "public", "operator": "Unknown"}}, {"type": "Feature", "geometry": {"type": "Point", "coordinates": [-111.8313866, 39.8948082]}, "properties": {"osm_id": 13583774001, "type": "public", "operator": "Unknown"}}, {"type": "Feature", "geometry": {"type": "Point", "coordinates": [-111.7462784, 40.0093811]}, "properties": {"osm_id": 13583782701, "type": "public", "operator": "Unknown"}}, {"type": "Feature", "geometry": {"type": "Point", "coordinates": [-113.0783865, 37.6665218]}, "properties": {"osm_id": 13584079007, "type": "public", "operator": "Unknown"}}, {"type": "Feature", "geometry": {"type": "Point", "coordinates": [-111.8624091, 40.6305945]}, "properties": {"osm_id": 13588217301, "type": "public", "operator": "Unknown"}}, {"type": "Feature", "geometry": {"type": "Point", "coordinates": [-111.7701625, 39.9755695]}, "properties": {"osm_id": 13588600801, "type": "public", "operator": "Unknown"}}, {"type": "Feature", "geometry": {"type": "Point", "coordinates": [-111.9821735, 40.508896]}, "properties": {"osm_id": 13588766001, "type": "public", "operator": "The Home Depot"}}, {"type": "Feature", "geometry": {"type": "Point", "coordinates": [-111.9814478, 40.5094389]}, "properties": {"osm_id": 13588781601, "type": "public", "operator": "The Home Depot"}}, {"type": "Feature", "geometry": {"type": "Point", "coordinates": [-112.0246147, 40.6310023]}, "properties": {"osm_id": 13588782501, "type": "public", "operator": "Unknown"}}, {"type": "Feature", "geometry": {"type": "Point", "coordinates": [-113.081656, 37.6769252]}, "properties": {"osm_id": 13591697926, "type": "public", "operator": "Unknown"}}, {"type": "Feature", "geometry": {"type": "Point", "coordinates": [-113.08726, 37.6523486]}, "properties": {"osm_id": 13591697927, "type": "public", "operator": "Unknown"}}, {"type": "Feature", "geometry": {"type": "Point", "coordinates": [-111.8364864, 40.5779338]}, "properties": {"osm_id": 13591784801, "type": "public", "operator": "The Home Depot"}}, {"type": "Feature", "geometry": {"type": "Point", "coordinates": [-111.8367667, 40.5766711]}, "properties": {"osm_id": 13591792901, "type": "public", "operator": "The Home Depot"}}, {"type": "Feature", "geometry": {"type": "Point", "coordinates": [-111.9157789, 40.6114863]}, "properties": {"osm_id": 13592094501, "type": "public", "operator": "Unknown"}}, {"type": "Feature", "geometry": {"type": "Point", "coordinates": [-111.9157789, 40.6114863]}, "properties": {"osm_id": 13592095001, "type": "public", "operator": "Unknown"}}, {"type": "Feature", "geometry": {"type": "Point", "coordinates": [-111.9025155, 40.7276963]}, "properties": {"osm_id": 13594268801, "type": "public", "operator": "Unknown"}}, {"type": "Feature", "geometry": {"type": "Point", "coordinates": [-111.8549207, 40.629383]}, "properties": {"osm_id": 13606683687, "type": "public", "operator": "Unknown"}}, {"type": "Feature", "geometry": {"type": "Point", "coordinates": [-111.7554911, 40.0313448]}, "properties": {"osm_id": 13608304201, "type": "public", "operator": "Unknown"}}, {"type": "Feature", "geometry": {"type": "Point", "coordinates": [-111.8047724, 39.9517518]}, "properties": {"osm_id": 13608429801, "type": "public", "operator": "Unknown"}}, {"type": "Feature", "geometry": {"type": "Point", "coordinates": [-112.0263757, 40.6092161]}, "properties": {"osm_id": 13608663446, "type": "public", "operator": "Unknown"}}, {"type": "Feature", "geometry": {"type": "Point", "coordinates": [-112.0260345, 40.6079864]}, "properties": {"osm_id": 13608663447, "type": "public", "operator": "Unknown"}}, {"type": "Feature", "geometry": {"type": "Point", "coordinates": [-112.0464775, 41.3192813]}, "properties": {"osm_id": 13609760243, "type": "public", "operator": "Unknown"}}, {"type": "Feature", "geometry": {"type": "Point", "coordinates": [-111.8163654, 40.4536358]}, "properties": {"osm_id": 13617928101, "type": "public", "operator": "Unknown"}}, {"type": "Feature", "geometry": {"type": "Point", "coordinates": [-111.939361, 40.4048433]}, "properties": {"osm_id": 13619249801, "type": "public", "operator": "Unknown"}}, {"type": "Feature", "geometry": {"type": "Point", "coordinates": [-111.9822926, 40.6146304]}, "properties": {"osm_id": 13623861201, "type": "public", "operator": "Unknown"}}, {"type": "Feature", "geometry": {"type": "Point", "coordinates": [-111.9999469, 40.637649]}, "properties": {"osm_id": 13625679901, "type": "public", "operator": "Unknown"}}, {"type": "Feature", "geometry": {"type": "Point", "coordinates": [-111.7733823, 40.4398302]}, "properties": {"osm_id": 13628485301, "type": "public", "operator": "Unknown"}}, {"type": "Feature", "geometry": {"type": "Point", "coordinates": [-111.924286, 40.609705]}, "properties": {"osm_id": 13629126261, "type": "outdoor", "operator": "Unknown"}}, {"type": "Feature", "geometry": {"type": "Point", "coordinates": [-111.871012, 40.7434549]}, "properties": {"osm_id": 13629250401, "type": "public", "operator": "Unknown"}}, {"type": "Feature", "geometry": {"type": "Point", "coordinates": [-111.9762707, 40.6356583]}, "properties": {"osm_id": 13630166301, "type": "public", "operator": "Unknown"}}, {"type": "Feature", "geometry": {"type": "Point", "coordinates": [-111.8370694, 40.5787569]}, "properties": {"osm_id": 13631246202, "type": "public", "operator": "Unknown"}}, {"type": "Feature", "geometry": {"type": "Point", "coordinates": [-111.887995, 40.9165738]}, "properties": {"osm_id": 13634958402, "type": "public", "operator": "Unknown"}}, {"type": "Feature", "geometry": {"type": "Point", "coordinates": [-111.8869842, 40.9154547]}, "properties": {"osm_id": 13634959701, "type": "public", "operator": "Unknown"}}, {"type": "Feature", "geometry": {"type": "Point", "coordinates": [-111.8870982, 40.9166196]}, "properties": {"osm_id": 13634974202, "type": "public", "operator": "Unknown"}}, {"type": "Feature", "geometry": {"type": "Point", "coordinates": [-111.8341215, 40.6347032]}, "properties": {"osm_id": 13637289201, "type": "public", "operator": "Unknown"}}, {"type": "Feature", "geometry": {"type": "Point", "coordinates": [-111.9059852, 40.4123059]}, "properties": {"osm_id": 13641751201, "type": "public", "operator": "Unknown"}}, {"type": "Feature", "geometry": {"type": "Point", "coordinates": [-112.2968539, 40.5701721]}, "properties": {"osm_id": 13646122301, "type": "public", "operator": "The Home Depot"}}, {"type": "Feature", "geometry": {"type": "Point", "coordinates": [-111.8650488, 40.6682389]}, "properties": {"osm_id": 13646513401, "type": "public", "operator": "Unknown"}}, {"type": "Feature", "geometry": {"type": "Point", "coordinates": [-111.8377026, 40.5785816]}, "properties": {"osm_id": 13646583601, "type": "public", "operator": "The Home Depot"}}, {"type": "Feature", "geometry": {"type": "Point", "coordinates": [-113.0557509, 37.7645424]}, "properties": {"osm_id": 13647970401, "type": "public", "operator": "Unknown"}}, {"type": "Feature", "geometry": {"type": "Point", "coordinates": [-111.9395083, 40.7891167]}, "properties": {"osm_id": 13648367101, "type": "public", "operator": "Unknown"}}, {"type": "Feature", "geometry": {"type": "Point", "coordinates": [-111.9462353, 41.0380632]}, "properties": {"osm_id": 13648409601, "type": "public", "operator": "Unknown"}}, {"type": "Feature", "geometry": {"type": "Point", "coordinates": [-112.0451732, 41.1329324]}, "properties": {"osm_id": 13656729501, "type": "public", "operator": "Unknown"}}, {"type": "Feature", "geometry": {"type": "Point", "coordinates": [-111.9058913, 40.7561873]}, "properties": {"osm_id": 13657023501, "type": "public", "operator": "Unknown"}}, {"type": "Feature", "geometry": {"type": "Point", "coordinates": [-111.936161, 40.5892439]}, "properties": {"osm_id": 13657156994, "type": "public", "operator": "Unknown"}}, {"type": "Feature", "geometry": {"type": "Point", "coordinates": [-111.8899558, 40.7520288]}, "properties": {"osm_id": 13660243201, "type": "public", "operator": "Unknown"}}, {"type": "Feature", "geometry": {"type": "Point", "coordinates": [-111.8254545, 40.3862112]}, "properties": {"osm_id": 13663554231, "type": "outdoor", "operator": "Walmart"}}, {"type": "Feature", "geometry": {"type": "Point", "coordinates": [-111.8241502, 40.3858428]}, "properties": {"osm_id": 13663554232, "type": "outdoor", "operator": "Walmart"}}, {"type": "Feature", "geometry": {"type": "Point", "coordinates": [-111.8985042, 40.5879076]}, "properties": {"osm_id": 13665040901, "type": "public", "operator": "Unknown"}}, {"type": "Feature", "geometry": {"type": "Point", "coordinates": [-111.87219, 40.5441558]}, "properties": {"osm_id": 13667697901, "type": "public", "operator": "Unknown"}}, {"type": "Feature", "geometry": {"type": "Point", "coordinates": [-111.866075, 40.6315108]}, "properties": {"osm_id": 13670310501, "type": "public", "operator": "Unknown"}}, {"type": "Feature", "geometry": {"type": "Point", "coordinates": [-111.9939475, 41.1533213]}, "properties": {"osm_id": 13674516602, "type": "public", "operator": "Unknown"}}, {"type": "Feature", "geometry": {"type": "Point", "coordinates": [-111.5790674, 40.1479276]}, "properties": {"osm_id": 13679964501, "type": "public", "operator": "Unknown"}}, {"type": "Feature", "geometry": {"type": "Point", "coordinates": [-111.853813, 40.5290723]}, "properties": {"osm_id": 13680670639, "type": "public", "operator": "Unknown"}}, {"type": "Feature", "geometry": {"type": "Point", "coordinates": [-111.82836, 41.7583854]}, "properties": {"osm_id": 13683597501, "type": "public", "operator": "Unknown"}}, {"type": "Feature", "geometry": {"type": "Point", "coordinates": [-111.827009, 41.7576482]}, "properties": {"osm_id": 13683688302, "type": "public", "operator": "Unknown"}}, {"type": "Feature", "geometry": {"type": "Point", "coordinates": [-111.8252144, 41.7576669]}, "properties": {"osm_id": 13683690001, "type": "public", "operator": "Unknown"}}, {"type": "Feature", "geometry": {"type": "Point", "coordinates": [-112.033098, 40.7621719]}, "properties": {"osm_id": 13683857201, "type": "public", "operator": "Unknown"}}, {"type": "Feature", "geometry": {"type": "Point", "coordinates": [-111.9054472, 40.6736363]}, "properties": {"osm_id": 13685705401, "type": "public", "operator": "Lowe's"}}, {"type": "Feature", "geometry": {"type": "Point", "coordinates": [-111.9045973, 40.6725729]}, "properties": {"osm_id": 13685709301, "type": "public", "operator": "Lowe's"}}, {"type": "Feature", "geometry": {"type": "Point", "coordinates": [-111.8086843, 39.9829217]}, "properties": {"osm_id": 13685744901, "type": "public", "operator": "Unknown"}}, {"type": "Feature", "geometry": {"type": "Point", "coordinates": [-111.6375459, 40.1266967]}, "properties": {"osm_id": 13687449901, "type": "public", "operator": "Lowe's"}}, {"type": "Feature", "geometry": {"type": "Point", "coordinates": [-111.6368475, 40.1275443]}, "properties": {"osm_id": 13687450401, "type": "public", "operator": "Lowe's"}}, {"type": "Feature", "geometry": {"type": "Point", "coordinates": [-111.9231561, 40.7911589]}, "properties": {"osm_id": 13687849701, "type": "public", "operator": "Unknown"}}, {"type": "Feature", "geometry": {"type": "Point", "coordinates": [-113.4856102, 37.1443727]}, "properties": {"osm_id": 13690082059, "type": "public", "operator": "Washington City Police Department"}}, {"type": "Feature", "geometry": {"type": "Point", "coordinates": [-111.9980598, 41.5024603]}, "properties": {"osm_id": 13694249001, "type": "public", "operator": "Unknown"}}, {"type": "Feature", "geometry": {"type": "Point", "coordinates": [-111.8707893, 40.7334716]}, "properties": {"osm_id": 13696374901, "type": "public", "operator": "Unknown"}}, {"type": "Feature", "geometry": {"type": "Point", "coordinates": [-112.0624928, 41.1417263]}, "properties": {"osm_id": 13699912001, "type": "public", "operator": "Lowe's"}}, {"type": "Feature", "geometry": {"type": "Point", "coordinates": [-112.0624968, 41.1420548]}, "properties": {"osm_id": 13699913801, "type": "public", "operator": "Lowe's"}}, {"type": "Feature", "geometry": {"type": "Point", "coordinates": [-112.0625008, 41.1431639]}, "properties": {"osm_id": 13699913802, "type": "public", "operator": "Lowe's"}}, {"type": "Feature", "geometry": {"type": "Point", "coordinates": [-112.0624368, 41.1433176]}, "properties": {"osm_id": 13699915701, "type": "public", "operator": "Lowe's"}}, {"type": "Feature", "geometry": {"type": "Point", "coordinates": [-111.5975017, 40.1155139]}, "properties": {"osm_id": 13700019301, "type": "public", "operator": "Unknown"}}, {"type": "Feature", "geometry": {"type": "Point", "coordinates": [-111.8783054, 40.9065164]}, "properties": {"osm_id": 13700284101, "type": "public", "operator": "Unknown"}}, {"type": "Feature", "geometry": {"type": "Point", "coordinates": [-111.9283593, 40.8419868]}, "properties": {"osm_id": 13702766601, "type": "public", "operator": "Unknown"}}, {"type": "Feature", "geometry": {"type": "Point", "coordinates": [-111.9392093, 40.7421901]}, "properties": {"osm_id": 13702771901, "type": "public", "operator": "Unknown"}}, {"type": "Feature", "geometry": {"type": "Point", "coordinates": [-111.9391855, 40.7222551]}, "properties": {"osm_id": 13702775201, "type": "public", "operator": "Unknown"}}, {"type": "Feature", "geometry": {"type": "Point", "coordinates": [-111.9379735, 40.6964914]}, "properties": {"osm_id": 13702777101, "type": "public", "operator": "Unknown"}}, {"type": "Feature", "geometry": {"type": "Point", "coordinates": [-111.9391161, 40.6963802]}, "properties": {"osm_id": 13702778201, "type": "public", "operator": "Unknown"}}, {"type": "Feature", "geometry": {"type": "Point", "coordinates": [-111.899306, 40.6997385]}, "properties": {"osm_id": 13702782101, "type": "public", "operator": "Unknown"}}, {"type": "Feature", "geometry": {"type": "Point", "coordinates": [-111.8909664, 40.7354798]}, "properties": {"osm_id": 13702788201, "type": "public", "operator": "Unknown"}}, {"type": "Feature", "geometry": {"type": "Point", "coordinates": [-111.891231, 40.7363674]}, "properties": {"osm_id": 13702788301, "type": "public", "operator": "Unknown"}}, {"type": "Feature", "geometry": {"type": "Point", "coordinates": [-111.8909483, 40.7474728]}, "properties": {"osm_id": 13702789301, "type": "public", "operator": "Unknown"}}, {"type": "Feature", "geometry": {"type": "Point", "coordinates": [-111.8912212, 40.7477839]}, "properties": {"osm_id": 13702789501, "type": "public", "operator": "Unknown"}}, {"type": "Feature", "geometry": {"type": "Point", "coordinates": [-111.9155278, 40.8267613]}, "properties": {"osm_id": 13702817601, "type": "public", "operator": "Unknown"}}, {"type": "Feature", "geometry": {"type": "Point", "coordinates": [-111.8991882, 40.8582141]}, "properties": {"osm_id": 13702823801, "type": "public", "operator": "Unknown"}}, {"type": "Feature", "geometry": {"type": "Point", "coordinates": [-111.889548, 40.8843406]}, "properties": {"osm_id": 13702831701, "type": "public", "operator": "Unknown"}}, {"type": "Feature", "geometry": {"type": "Point", "coordinates": [-111.9300843, 40.8529938]}, "properties": {"osm_id": 13704243201, "type": "public", "operator": "Unknown"}}, {"type": "Feature", "geometry": {"type": "Point", "coordinates": [-111.8707448, 40.6223375]}, "properties": {"osm_id": 13704828144, "type": "Camera", "operator": "Unknown"}}, {"type": "Feature", "geometry": {"type": "Point", "coordinates": [-112.0115022, 41.1033947]}, "properties": {"osm_id": 13706966401, "type": "public", "operator": "Unknown"}}, {"type": "Feature", "geometry": {"type": "Point", "coordinates": [-111.5872842, 40.0822203]}, "properties": {"osm_id": 13706988101, "type": "public", "operator": "Unknown"}}, {"type": "Feature", "geometry": {"type": "Point", "coordinates": [-112.0922144, 41.1390644]}, "properties": {"osm_id": 13714671601, "type": "public", "operator": "Unknown"}}, {"type": "Feature", "geometry": {"type": "Point", "coordinates": [-111.5557058, 40.1486782]}, "properties": {"osm_id": 13717516501, "type": "public", "operator": "Unknown"}}, {"type": "Feature", "geometry": {"type": "Point", "coordinates": [-111.5453495, 40.1528856]}, "properties": {"osm_id": 13717524101, "type": "public", "operator": "Unknown"}}, {"type": "Feature", "geometry": {"type": "Point", "coordinates": [-112.0128101, 41.1736896]}, "properties": {"osm_id": 13719276701, "type": "public", "operator": "Unknown"}}, {"type": "Feature", "geometry": {"type": "Point", "coordinates": [-111.8599882, 40.6871578]}, "properties": {"osm_id": 13719721292, "type": "public", "operator": "Unknown"}}, {"type": "Feature", "geometry": {"type": "Point", "coordinates": [-112.0091521, 40.5294278]}, "properties": {"osm_id": 13722058385, "type": "traffic", "operator": "Unknown"}}, {"type": "Feature", "geometry": {"type": "Point", "coordinates": [-112.0787229, 41.1582269]}, "properties": {"osm_id": 13724542601, "type": "public", "operator": "Unknown"}}, {"type": "Feature", "geometry": {"type": "Point", "coordinates": [-112.0787627, 41.1583319]}, "properties": {"osm_id": 13724542701, "type": "public", "operator": "Unknown"}}, {"type": "Feature", "geometry": {"type": "Point", "coordinates": [-112.0788533, 41.1582211]}, "properties": {"osm_id": 13724542801, "type": "public", "operator": "Unknown"}}, {"type": "Feature", "geometry": {"type": "Point", "coordinates": [-111.9520589, 40.6640016]}, "properties": {"osm_id": 13727888801, "type": "public", "operator": "Unknown"}}, {"type": "Feature", "geometry": {"type": "Point", "coordinates": [-111.9868807, 41.1875763]}, "properties": {"osm_id": 13728273901, "type": "public", "operator": "Lowe's"}}, {"type": "Feature", "geometry": {"type": "Point", "coordinates": [-111.9856164, 41.1883955]}, "properties": {"osm_id": 13728273902, "type": "public", "operator": "Lowe's"}}, {"type": "Feature", "geometry": {"type": "Point", "coordinates": [-111.9850738, 41.1888961]}, "properties": {"osm_id": 13728273903, "type": "public", "operator": "Lowe's"}}, {"type": "Feature", "geometry": {"type": "Point", "coordinates": [-111.9868778, 41.1875633]}, "properties": {"osm_id": 13728275901, "type": "public", "operator": "Lowe's"}}, {"type": "Feature", "geometry": {"type": "Point", "coordinates": [-111.9856427, 41.1881941]}, "properties": {"osm_id": 13728275902, "type": "public", "operator": "Lowe's"}}, {"type": "Feature", "geometry": {"type": "Point", "coordinates": [-111.9856164, 41.1883955]}, "properties": {"osm_id": 13728283301, "type": "public", "operator": "Lowe's"}}, {"type": "Feature", "geometry": {"type": "Point", "coordinates": [-111.9850718, 41.1888958]}, "properties": {"osm_id": 13728287001, "type": "public", "operator": "Lowe's"}}, {"type": "Feature", "geometry": {"type": "Point", "coordinates": [-111.9864008, 41.189254]}, "properties": {"osm_id": 13728291701, "type": "public", "operator": "Lowe's"}}, {"type": "Feature", "geometry": {"type": "Point", "coordinates": [-111.9167533, 40.6951923]}, "properties": {"osm_id": 13728759401, "type": "public", "operator": "Unknown"}}, {"type": "Feature", "geometry": {"type": "Point", "coordinates": [-113.5553441, 37.1012586]}, "properties": {"osm_id": 13732219301, "type": "public", "operator": "Lowe's"}}, {"type": "Feature", "geometry": {"type": "Point", "coordinates": [-113.5541238, 37.1017411]}, "properties": {"osm_id": 13732245501, "type": "public", "operator": "Lowe's"}}, {"type": "Feature", "geometry": {"type": "Point", "coordinates": [-113.5541056, 37.1000417]}, "properties": {"osm_id": 13732247101, "type": "public", "operator": "Lowe's"}}, {"type": "Feature", "geometry": {"type": "Point", "coordinates": [-111.6369817, 40.1262539]}, "properties": {"osm_id": 13732775701, "type": "public", "operator": "Lowe's"}}, {"type": "Feature", "geometry": {"type": "Point", "coordinates": [-111.6369356, 40.1274619]}, "properties": {"osm_id": 13732791001, "type": "public", "operator": "Lowe's"}}, {"type": "Feature", "geometry": {"type": "Point", "coordinates": [-111.6363142, 40.1280786]}, "properties": {"osm_id": 13732793201, "type": "public", "operator": "Lowe's"}}, {"type": "Feature", "geometry": {"type": "Point", "coordinates": [-111.6358087, 40.1278991]}, "properties": {"osm_id": 13732795501, "type": "public", "operator": "Lowe's"}}, {"type": "Feature", "geometry": {"type": "Point", "coordinates": [-111.9692799, 41.2654768]}, "properties": {"osm_id": 13733416101, "type": "public", "operator": "Lowe's"}}, {"type": "Feature", "geometry": {"type": "Point", "coordinates": [-111.9692799, 41.2654768]}, "properties": {"osm_id": 13733416102, "type": "public", "operator": "Lowe's"}}, {"type": "Feature", "geometry": {"type": "Point", "coordinates": [-111.9683078, 41.2663859]}, "properties": {"osm_id": 13733416201, "type": "public", "operator": "Lowe's"}}, {"type": "Feature", "geometry": {"type": "Point", "coordinates": [-111.9668885, 41.2663339]}, "properties": {"osm_id": 13733449502, "type": "public", "operator": "Lowe's"}}, {"type": "Feature", "geometry": {"type": "Point", "coordinates": [-111.9668885, 41.2663339]}, "properties": {"osm_id": 13733466201, "type": "public", "operator": "Lowe's"}}, {"type": "Feature", "geometry": {"type": "Point", "coordinates": [-111.9797521, 40.6158275]}, "properties": {"osm_id": 13733466501, "type": "public", "operator": "Lowe's"}}, {"type": "Feature", "geometry": {"type": "Point", "coordinates": [-111.8888842, 40.5283426]}, "properties": {"osm_id": 13733760001, "type": "public", "operator": "Unknown"}}, {"type": "Feature", "geometry": {"type": "Point", "coordinates": [-112.0060799, 40.6095791]}, "properties": {"osm_id": 13733812901, "type": "public", "operator": "Unknown"}}, {"type": "Feature", "geometry": {"type": "Point", "coordinates": [-112.045736, 41.1472214]}, "properties": {"osm_id": 13735051001, "type": "public", "operator": "Unknown"}}, {"type": "Feature", "geometry": {"type": "Point", "coordinates": [-111.9802889, 40.6145662]}, "properties": {"osm_id": 13738926701, "type": "public", "operator": "Lowe's"}}, {"type": "Feature", "geometry": {"type": "Point", "coordinates": [-111.9804754, 40.616518]}, "properties": {"osm_id": 13738932701, "type": "public", "operator": "Unknown"}}, {"type": "Feature", "geometry": {"type": "Point", "coordinates": [-110.650438, 39.5488284]}, "properties": {"osm_id": 13739136670, "type": "public", "operator": "Unknown"}}, {"type": "Feature", "geometry": {"type": "Point", "coordinates": [-113.5567845, 37.0884175]}, "properties": {"osm_id": 13740096935, "type": "public", "operator": "Unknown"}}, {"type": "Feature", "geometry": {"type": "Point", "coordinates": [-113.5040523, 37.1576095]}, "properties": {"osm_id": 13740099597, "type": "Camera", "operator": "Unknown"}}, {"type": "Feature", "geometry": {"type": "Point", "coordinates": [-111.7633797, 41.2625167]}, "properties": {"osm_id": 13740941709, "type": "public", "operator": "Unknown"}}, {"type": "Feature", "geometry": {"type": "Point", "coordinates": [-112.0625154, 41.1426193]}, "properties": {"osm_id": 13743471601, "type": "public", "operator": "Lowe's"}}, {"type": "Feature", "geometry": {"type": "Point", "coordinates": [-112.0613148, 41.1417048]}, "properties": {"osm_id": 13743543901, "type": "public", "operator": "Lowe's"}}, {"type": "Feature", "geometry": {"type": "Point", "coordinates": [-111.9747674, 41.3185541]}, "properties": {"osm_id": 13757123001, "type": "public", "operator": "Unknown"}}, {"type": "Feature", "geometry": {"type": "Point", "coordinates": [-111.9861191, 40.5367773]}, "properties": {"osm_id": 13758410510, "type": "traffic", "operator": "Unknown"}}, {"type": "Feature", "geometry": {"type": "Point", "coordinates": [-111.9864949, 40.544035]}, "properties": {"osm_id": 13758410511, "type": "public", "operator": "Unknown"}}, {"type": "Feature", "geometry": {"type": "Point", "coordinates": [-111.9846455, 40.5443746]}, "properties": {"osm_id": 13758410512, "type": "public", "operator": "Unknown"}}, {"type": "Feature", "geometry": {"type": "Point", "coordinates": [-111.9770022, 40.5620293]}, "properties": {"osm_id": 13758410513, "type": "public", "operator": "Unknown"}}, {"type": "Feature", "geometry": {"type": "Point", "coordinates": [-111.9861538, 40.5621583]}, "properties": {"osm_id": 13758410514, "type": "public", "operator": "Unknown"}}, {"type": "Feature", "geometry": {"type": "Point", "coordinates": [-112.0915995, 40.6824785]}, "properties": {"osm_id": 13758992801, "type": "public", "operator": "Unknown"}}, {"type": "Feature", "geometry": {"type": "Point", "coordinates": [-112.0633311, 40.7038079]}, "properties": {"osm_id": 13758994501, "type": "public", "operator": "Unknown"}}, {"type": "Feature", "geometry": {"type": "Point", "coordinates": [-111.824816, 40.3891235]}, "properties": {"osm_id": 13759055601, "type": "public", "operator": "Unknown"}}, {"type": "Feature", "geometry": {"type": "Point", "coordinates": [-111.5724051, 37.0013296]}, "properties": {"osm_id": 13759516301, "type": "public", "operator": "Unknown"}}, {"type": "Feature", "geometry": {"type": "Point", "coordinates": [-111.5726523, 37.001329]}, "properties": {"osm_id": 13759516302, "type": "public", "operator": "Unknown"}}, {"type": "Feature", "geometry": {"type": "Point", "coordinates": [-112.4568686, 40.5954642]}, "properties": {"osm_id": 13760567201, "type": "public", "operator": "Unknown"}}, {"type": "Feature", "geometry": {"type": "Point", "coordinates": [-111.9051601, 40.6741099]}, "properties": {"osm_id": 13761862401, "type": "public", "operator": "Unknown"}}, {"type": "Feature", "geometry": {"type": "Point", "coordinates": [-110.5732701, 39.5259267]}, "properties": {"osm_id": 13764680425, "type": "public", "operator": "Unknown"}}, {"type": "Feature", "geometry": {"type": "Point", "coordinates": [-111.9162958, 41.1400054]}, "properties": {"osm_id": 13768611601, "type": "public", "operator": "Unknown"}}, {"type": "Feature", "geometry": {"type": "Point", "coordinates": [-111.9812601, 40.5247562]}, "properties": {"osm_id": 13768932401, "type": "public", "operator": "Unknown"}}, {"type": "Feature", "geometry": {"type": "Point", "coordinates": [-111.9811143, 40.5238223]}, "properties": {"osm_id": 13768933301, "type": "public", "operator": "Unknown"}}, {"type": "Feature", "geometry": {"type": "Point", "coordinates": [-111.9813143, 40.5258406]}, "properties": {"osm_id": 13768934001, "type": "public", "operator": "Unknown"}}, {"type": "Feature", "geometry": {"type": "Point", "coordinates": [-111.9824909, 40.5237734]}, "properties": {"osm_id": 13768944301, "type": "public", "operator": "Unknown"}}, {"type": "Feature", "geometry": {"type": "Point", "coordinates": [-111.9043852, 40.6740755]}, "properties": {"osm_id": 13769025601, "type": "public", "operator": "Unknown"}}, {"type": "Feature", "geometry": {"type": "Point", "coordinates": [-109.5682802, 40.4357593]}, "properties": {"osm_id": 13770661301, "type": "public", "operator": "Unknown"}}, {"type": "Feature", "geometry": {"type": "Point", "coordinates": [-109.5668003, 40.4354726]}, "properties": {"osm_id": 13770663101, "type": "public", "operator": "Unknown"}}, {"type": "Feature", "geometry": {"type": "Point", "coordinates": [-111.8935542, 40.6740408]}, "properties": {"osm_id": 13772636801, "type": "public", "operator": "Unknown"}}, {"type": "Feature", "geometry": {"type": "Point", "coordinates": [-111.8602213, 40.5819613]}, "properties": {"osm_id": 13772794003, "type": "public", "operator": "Unknown"}}, {"type": "Feature", "geometry": {"type": "Point", "coordinates": [-111.8602752, 40.583676]}, "properties": {"osm_id": 13772817784, "type": "public", "operator": "Unknown"}}, {"type": "Feature", "geometry": {"type": "Point", "coordinates": [-111.8620212, 40.5837517]}, "properties": {"osm_id": 13772821768, "type": "public", "operator": "Unknown"}}, {"type": "Feature", "geometry": {"type": "Point", "coordinates": [-111.8586506, 40.5837536]}, "properties": {"osm_id": 13772826893, "type": "public", "operator": "Unknown"}}, {"type": "Feature", "geometry": {"type": "Point", "coordinates": [-111.8614828, 40.5827816]}, "properties": {"osm_id": 13772843232, "type": "public", "operator": "Unknown"}}, {"type": "Feature", "geometry": {"type": "Point", "coordinates": [-111.8614273, 40.5829125]}, "properties": {"osm_id": 13772843233, "type": "public", "operator": "Unknown"}}, {"type": "Feature", "geometry": {"type": "Point", "coordinates": [-111.8654104, 40.6899524]}, "properties": {"osm_id": 13772887939, "type": "public", "operator": "Unknown"}}, {"type": "Feature", "geometry": {"type": "Point", "coordinates": [-111.9905733, 40.5079673]}, "properties": {"osm_id": 13773125801, "type": "public", "operator": "Unknown"}}, {"type": "Feature", "geometry": {"type": "Point", "coordinates": [-112.064875, 40.7254997]}, "properties": {"osm_id": 13775227203, "type": "public", "operator": "Unknown"}}, {"type": "Feature", "geometry": {"type": "Point", "coordinates": [-112.0824286, 40.7179276]}, "properties": {"osm_id": 13785119301, "type": "public", "operator": "Unknown"}}, {"type": "Feature", "geometry": {"type": "Point", "coordinates": [-112.0919676, 40.7110926]}, "properties": {"osm_id": 13785133401, "type": "public", "operator": "Unknown"}}, {"type": "Feature", "geometry": {"type": "Point", "coordinates": [-109.5695102, 40.4337922]}, "properties": {"osm_id": 13785392001, "type": "public", "operator": "Unknown"}}, {"type": "Feature", "geometry": {"type": "Point", "coordinates": [-109.5686966, 40.4347584]}, "properties": {"osm_id": 13785394301, "type": "public", "operator": "Unknown"}}, {"type": "Feature", "geometry": {"type": "Point", "coordinates": [-111.8327764, 41.8303924]}, "properties": {"osm_id": 13785627541, "type": "public", "operator": "Unknown"}}, {"type": "Feature", "geometry": {"type": "Point", "coordinates": [-111.6998494, 40.2742661]}, "properties": {"osm_id": 13787726001, "type": "public", "operator": "Lowe's"}}, {"type": "Feature", "geometry": {"type": "Point", "coordinates": [-111.9852599, 41.0890757]}, "properties": {"osm_id": 13797622301, "type": "public", "operator": "Unknown"}}, {"type": "Feature", "geometry": {"type": "Point", "coordinates": [-111.9852599, 41.0890757]}, "properties": {"osm_id": 13797625301, "type": "public", "operator": "Unknown"}}, {"type": "Feature", "geometry": {"type": "Point", "coordinates": [-111.9513847, 41.0382964]}, "properties": {"osm_id": 13797625901, "type": "public", "operator": "Unknown"}}, {"type": "Feature", "geometry": {"type": "Point", "coordinates": [-111.9095431, 40.765139]}, "properties": {"osm_id": 13799317901, "type": "public", "operator": "Unknown"}}, {"type": "Feature", "geometry": {"type": "Point", "coordinates": [-111.6981176, 40.0713625]}, "properties": {"osm_id": 13800354601, "type": "public", "operator": "Unknown"}}, {"type": "Feature", "geometry": {"type": "Point", "coordinates": [-111.8837866, 40.8396424]}, "properties": {"osm_id": 13803328202, "type": "public", "operator": "Unknown"}}, {"type": "Feature", "geometry": {"type": "Point", "coordinates": [-111.9140767, 40.8417895]}, "properties": {"osm_id": 13803554601, "type": "public", "operator": "Unknown"}}, {"type": "Feature", "geometry": {"type": "Point", "coordinates": [-112.0551163, 41.5098141]}, "properties": {"osm_id": 13807330901, "type": "public", "operator": "Unknown"}}, {"type": "Feature", "geometry": {"type": "Point", "coordinates": [-109.5664628, 40.4336425]}, "properties": {"osm_id": 13808011001, "type": "public", "operator": "Unknown"}}, {"type": "Feature", "geometry": {"type": "Point", "coordinates": [-111.8938501, 40.8617043]}, "properties": {"osm_id": 13809729042, "type": "public", "operator": "Unknown"}}, {"type": "Feature", "geometry": {"type": "Point", "coordinates": [-111.8910566, 40.5778072]}, "properties": {"osm_id": 13809831995, "type": "public", "operator": "Unknown"}}, {"type": "Feature", "geometry": {"type": "Point", "coordinates": [-111.890812, 40.6184378]}, "properties": {"osm_id": 13809842252, "type": "public", "operator": "Unknown"}}, {"type": "Feature", "geometry": {"type": "Point", "coordinates": [-111.8881689, 40.5266211]}, "properties": {"osm_id": 13812282783, "type": "public", "operator": "Unknown"}}, {"type": "Feature", "geometry": {"type": "Point", "coordinates": [-111.985257, 40.6694037]}, "properties": {"osm_id": 13812476001, "type": "public", "operator": "Unknown"}}, {"type": "Feature", "geometry": {"type": "Point", "coordinates": [-111.9861606, 40.6711845]}, "properties": {"osm_id": 13812476201, "type": "public", "operator": "Unknown"}}, {"type": "Feature", "geometry": {"type": "Point", "coordinates": [-111.8995561, 40.740318]}, "properties": {"osm_id": 13812487501, "type": "public", "operator": "Lowe's"}}, {"type": "Feature", "geometry": {"type": "Point", "coordinates": [-111.5975623, 40.1300002]}, "properties": {"osm_id": 13812550801, "type": "public", "operator": "Unknown"}}, {"type": "Feature", "geometry": {"type": "Point", "coordinates": [-111.9797766, 40.6156822]}, "properties": {"osm_id": 13823011801, "type": "public", "operator": "Unknown"}}, {"type": "Feature", "geometry": {"type": "Point", "coordinates": [-111.896847, 40.5047987]}, "properties": {"osm_id": 13826172601, "type": "public", "operator": "Unknown"}}, {"type": "Feature", "geometry": {"type": "Point", "coordinates": [-111.9543917, 41.3051349]}, "properties": {"osm_id": 13830790989, "type": "public", "operator": "Unknown"}}, {"type": "Feature", "geometry": {"type": "Point", "coordinates": [-111.9546267, 41.305498]}, "properties": {"osm_id": 13830844199, "type": "public", "operator": "Unknown"}}, {"type": "Feature", "geometry": {"type": "Point", "coordinates": [-111.9543622, 41.3051878]}, "properties": {"osm_id": 13830846661, "type": "public", "operator": "Unknown"}}, {"type": "Feature", "geometry": {"type": "Point", "coordinates": [-111.9542672, 41.3049103]}, "properties": {"osm_id": 13830860352, "type": "public", "operator": "Unknown"}}, {"type": "Feature", "geometry": {"type": "Point", "coordinates": [-111.9562053, 41.3059244]}, "properties": {"osm_id": 13830868270, "type": "public", "operator": "Unknown"}}, {"type": "Feature", "geometry": {"type": "Point", "coordinates": [-111.8946407, 40.5269179]}, "properties": {"osm_id": 13832158903, "type": "public", "operator": "Unknown"}}, {"type": "Feature", "geometry": {"type": "Point", "coordinates": [-111.9079073, 40.5027699]}, "properties": {"osm_id": 13832159102, "type": "public", "operator": "Unknown"}}, {"type": "Feature", "geometry": {"type": "Point", "coordinates": [-111.8164053, 40.45171]}, "properties": {"osm_id": 13835634601, "type": "public", "operator": "Unknown"}}, {"type": "Feature", "geometry": {"type": "Point", "coordinates": [-111.5784848, 38.4694553]}, "properties": {"osm_id": 13836738601, "type": "public", "operator": "Unknown"}}, {"type": "Feature", "geometry": {"type": "Point", "coordinates": [-111.8834852, 40.6338338]}, "properties": {"osm_id": 13841853801, "type": "public", "operator": "Unknown"}}, {"type": "Feature", "geometry": {"type": "Point", "coordinates": [-111.4991196, 40.4910308]}, "properties": {"osm_id": 13841921701, "type": "public", "operator": "Unknown"}}, {"type": "Feature", "geometry": {"type": "Point", "coordinates": [-111.4991864, 40.4910148]}, "properties": {"osm_id": 13841922301, "type": "public", "operator": "Unknown"}}, {"type": "Feature", "geometry": {"type": "Point", "coordinates": [-113.6562947, 37.7946995]}, "properties": {"osm_id": 13847187801, "type": "public", "operator": "Unknown"}}, {"type": "Feature", "geometry": {"type": "Point", "coordinates": [-111.7621391, 40.3246432]}, "properties": {"osm_id": 13847345101, "type": "public", "operator": "Unknown"}}, {"type": "Feature", "geometry": {"type": "Point", "coordinates": [-111.9871279, 40.6530986]}, "properties": {"osm_id": 13850445601, "type": "public", "operator": "Unknown"}}, {"type": "Feature", "geometry": {"type": "Point", "coordinates": [-112.0931956, 41.2859411]}, "properties": {"osm_id": 13858054404, "type": "public", "operator": "Unknown"}}, {"type": "Feature", "geometry": {"type": "Point", "coordinates": [-111.8855783, 40.4318122]}, "properties": {"osm_id": 13858916401, "type": "public", "operator": "Unknown"}}, {"type": "Feature", "geometry": {"type": "Point", "coordinates": [-111.8600784, 38.963943]}, "properties": {"osm_id": 13859153301, "type": "public", "operator": "Unknown"}}, {"type": "Feature", "geometry": {"type": "Point", "coordinates": [-111.8548732, 38.9356903]}, "properties": {"osm_id": 13859161601, "type": "public", "operator": "Unknown"}}, {"type": "Feature", "geometry": {"type": "Point", "coordinates": [-111.8544124, 38.932802]}, "properties": {"osm_id": 13859166501, "type": "public", "operator": "Unknown"}}, {"type": "Feature", "geometry": {"type": "Point", "coordinates": [-112.1031483, 38.7489377]}, "properties": {"osm_id": 13859241701, "type": "public", "operator": "Unknown"}}, {"type": "Feature", "geometry": {"type": "Point", "coordinates": [-112.1015746, 38.7481674]}, "properties": {"osm_id": 13859241901, "type": "public", "operator": "Unknown"}}, {"type": "Feature", "geometry": {"type": "Point", "coordinates": [-112.103245, 38.748938]}, "properties": {"osm_id": 13859242002, "type": "public", "operator": "Unknown"}}, {"type": "Feature", "geometry": {"type": "Point", "coordinates": [-113.6562776, 37.7093837]}, "properties": {"osm_id": 13860560307, "type": "public", "operator": "Unknown"}}, {"type": "Feature", "geometry": {"type": "Point", "coordinates": [-113.6559039, 37.7094704]}, "properties": {"osm_id": 13860570601, "type": "public", "operator": "Unknown"}}, {"type": "Feature", "geometry": {"type": "Point", "coordinates": [-112.3433657, 40.547611]}, "properties": {"osm_id": 13861217001, "type": "public", "operator": "Unknown"}}, {"type": "Feature", "geometry": {"type": "Point", "coordinates": [-112.29742, 40.5567776]}, "properties": {"osm_id": 13861225601, "type": "public", "operator": "Unknown"}}, {"type": "Feature", "geometry": {"type": "Point", "coordinates": [-112.2945212, 40.5777325]}, "properties": {"osm_id": 13861228101, "type": "public", "operator": "Unknown"}}, {"type": "Feature", "geometry": {"type": "Point", "coordinates": [-111.888252, 40.3760436]}, "properties": {"osm_id": 13863850801, "type": "public", "operator": "Unknown"}}, {"type": "Feature", "geometry": {"type": "Point", "coordinates": [-111.8630848, 39.5589941]}, "properties": {"osm_id": 13869146501, "type": "public", "operator": "Unknown"}}, {"type": "Feature", "geometry": {"type": "Point", "coordinates": [-111.9352151, 40.5879158]}, "properties": {"osm_id": 13874728868, "type": "public", "operator": "Unknown"}}, {"type": "Feature", "geometry": {"type": "Point", "coordinates": [-111.9556008, 40.6094454]}, "properties": {"osm_id": 13878171402, "type": "public", "operator": "Unknown"}}, {"type": "Feature", "geometry": {"type": "Point", "coordinates": [-111.9386389, 40.6227264]}, "properties": {"osm_id": 13878207601, "type": "public", "operator": "Unknown"}}, {"type": "Feature", "geometry": {"type": "Point", "coordinates": [-111.9918649, 40.638626]}, "properties": {"osm_id": 13888609702, "type": "public", "operator": "Unknown"}}, {"type": "Feature", "geometry": {"type": "Point", "coordinates": [-111.6583399, 40.253483]}, "properties": {"osm_id": 13889999501, "type": "public", "operator": "Unknown"}}, {"type": "Feature", "geometry": {"type": "Point", "coordinates": [-111.658061, 40.2535274]}, "properties": {"osm_id": 13889999701, "type": "public", "operator": "Unknown"}}, {"type": "Feature", "geometry": {"type": "Point", "coordinates": [-111.9880944, 40.6674684]}, "properties": {"osm_id": 13891549102, "type": "public", "operator": "Unknown"}}, {"type": "Feature", "geometry": {"type": "Point", "coordinates": [-111.9721312, 40.6530311]}, "properties": {"osm_id": 13892540001, "type": "public", "operator": "Unknown"}}, {"type": "Feature", "geometry": {"type": "Point", "coordinates": [-111.9899034, 40.5446974]}, "properties": {"osm_id": 13892577535, "type": "public", "operator": "Unknown"}}, {"type": "Feature", "geometry": {"type": "Point", "coordinates": [-111.9104688, 40.543982]}, "properties": {"osm_id": 13892674359, "type": "public", "operator": "Unknown"}}, {"type": "Feature", "geometry": {"type": "Point", "coordinates": [-111.9331111, 40.7584244]}, "properties": {"osm_id": 13894279301, "type": "public", "operator": "Unknown"}}, {"type": "Feature", "geometry": {"type": "Point", "coordinates": [-111.8984004, 40.741425]}, "properties": {"osm_id": 13894943801, "type": "public", "operator": "Unknown"}}, {"type": "Feature", "geometry": {"type": "Point", "coordinates": [-111.8982572, 40.7391613]}, "properties": {"osm_id": 13894943901, "type": "public", "operator": "Unknown"}}, {"type": "Feature", "geometry": {"type": "Point", "coordinates": [-113.5550268, 37.1000273]}, "properties": {"osm_id": 13895084101, "type": "public", "operator": "Lowe's"}}, {"type": "Feature", "geometry": {"type": "Point", "coordinates": [-112.0246319, 40.6675494]}, "properties": {"osm_id": 13895270301, "type": "public", "operator": "Unknown"}}, {"type": "Feature", "geometry": {"type": "Point", "coordinates": [-112.1100151, 40.7109848]}, "properties": {"osm_id": 13897429001, "type": "public", "operator": "Unknown"}}, {"type": "Feature", "geometry": {"type": "Point", "coordinates": [-111.9783908, 40.6241127]}, "properties": {"osm_id": 13897474901, "type": "public", "operator": "Unknown"}}, {"type": "Feature", "geometry": {"type": "Point", "coordinates": [-111.7059203, 40.2521297]}, "properties": {"osm_id": 13897762701, "type": "public", "operator": "Unknown"}}, {"type": "Feature", "geometry": {"type": "Point", "coordinates": [-111.9828198, 40.6096348]}, "properties": {"osm_id": 13899213801, "type": "public", "operator": "Unknown"}}, {"type": "Feature", "geometry": {"type": "Point", "coordinates": [-111.6970049, 40.2741367]}, "properties": {"osm_id": 13899258351, "type": "camera", "operator": "Unknown"}}, {"type": "Feature", "geometry": {"type": "Point", "coordinates": [-112.0245218, 40.6544527]}, "properties": {"osm_id": 13903034401, "type": "public", "operator": "Unknown"}}, {"type": "Feature", "geometry": {"type": "Point", "coordinates": [-112.0227665, 40.6819479]}, "properties": {"osm_id": 13903037201, "type": "public", "operator": "Unknown"}}, {"type": "Feature", "geometry": {"type": "Point", "coordinates": [-112.0244249, 40.6386391]}, "properties": {"osm_id": 13903038501, "type": "public", "operator": "Unknown"}}, {"type": "Feature", "geometry": {"type": "Point", "coordinates": [-111.8245558, 40.3899297]}, "properties": {"osm_id": 13903814001, "type": "public", "operator": "Unknown"}}, {"type": "Feature", "geometry": {"type": "Point", "coordinates": [-111.9741566, 41.2102306]}, "properties": {"osm_id": 13905319301, "type": "public", "operator": "Unknown"}}, {"type": "Feature", "geometry": {"type": "Point", "coordinates": [-111.9307602, 41.2267404]}, "properties": {"osm_id": 13907618465, "type": "public", "operator": "Unknown"}}, {"type": "Feature", "geometry": {"type": "Point", "coordinates": [-111.578996, 40.1481174]}, "properties": {"osm_id": 13908416603, "type": "public", "operator": "Unknown"}}, {"type": "Feature", "geometry": {"type": "Point", "coordinates": [-111.7129724, 40.3744275]}, "properties": {"osm_id": 13910205401, "type": "public", "operator": "Unknown"}}, {"type": "Feature", "geometry": {"type": "Point", "coordinates": [-111.8266347, 40.389715]}, "properties": {"osm_id": 13912752601, "type": "public", "operator": "Unknown"}}, {"type": "Feature", "geometry": {"type": "Point", "coordinates": [-111.5109684, 40.0301342]}, "properties": {"osm_id": 13918610301, "type": "public", "operator": "Unknown"}}, {"type": "Feature", "geometry": {"type": "Point", "coordinates": [-111.9924011, 40.490712]}, "properties": {"osm_id": 13920536301, "type": "public", "operator": "Unknown"}}, {"type": "Feature", "geometry": {"type": "Point", "coordinates": [-112.0837631, 41.1505874]}, "properties": {"osm_id": 13921177801, "type": "public", "operator": "Unknown"}}, {"type": "Feature", "geometry": {"type": "Point", "coordinates": [-112.0271991, 40.755668]}, "properties": {"osm_id": 13921346201, "type": "public", "operator": "Unknown"}}, {"type": "Feature", "geometry": {"type": "Point", "coordinates": [-109.5968134, 40.4627346]}, "properties": {"osm_id": 13923832402, "type": "public", "operator": "Unknown"}}, {"type": "Feature", "geometry": {"type": "Point", "coordinates": [-111.6970189, 40.2741398]}, "properties": {"osm_id": 13923987401, "type": "public", "operator": "Lowe's"}}, {"type": "Feature", "geometry": {"type": "Point", "coordinates": [-111.8234685, 40.3850525]}, "properties": {"osm_id": 13923989602, "type": "public", "operator": "Unknown"}}, {"type": "Feature", "geometry": {"type": "Point", "coordinates": [-111.8961893, 40.5893884]}, "properties": {"osm_id": 13924265135, "type": "public", "operator": "Unknown"}}, {"type": "Feature", "geometry": {"type": "Point", "coordinates": [-111.9057302, 40.596355]}, "properties": {"osm_id": 13924299575, "type": "public", "operator": "Unknown"}}, {"type": "Feature", "geometry": {"type": "Point", "coordinates": [-111.643421, 40.2548568]}, "properties": {"osm_id": 13924444901, "type": "public", "operator": "Unknown"}}, {"type": "Feature", "geometry": {"type": "Point", "coordinates": [-114.0041999, 40.7469273]}, "properties": {"osm_id": 13930028602, "type": "public", "operator": "Unknown"}}, {"type": "Feature", "geometry": {"type": "Point", "coordinates": [-113.8217209, 40.7386043]}, "properties": {"osm_id": 13930032501, "type": "public", "operator": "Unknown"}}, {"type": "Feature", "geometry": {"type": "Point", "coordinates": [-113.7222445, 37.1816241]}, "properties": {"osm_id": 13931658301, "type": "public", "operator": "Unknown"}}, {"type": "Feature", "geometry": {"type": "Point", "coordinates": [-111.9752643, 41.2464871]}, "properties": {"osm_id": 13932488101, "type": "public", "operator": "The Home Depot"}}, {"type": "Feature", "geometry": {"type": "Point", "coordinates": [-111.9772422, 41.2464595]}, "properties": {"osm_id": 13932488102, "type": "public", "operator": "The Home Depot"}}, {"type": "Feature", "geometry": {"type": "Point", "coordinates": [-111.9776197, 41.2478668]}, "properties": {"osm_id": 13932488202, "type": "public", "operator": "The Home Depot"}}, {"type": "Feature", "geometry": {"type": "Point", "coordinates": [-111.9779038, 41.246964]}, "properties": {"osm_id": 13932510201, "type": "public", "operator": "The Home Depot"}}, {"type": "Feature", "geometry": {"type": "Point", "coordinates": [-111.9779038, 41.246964]}, "properties": {"osm_id": 13932510301, "type": "public", "operator": "The Home Depot"}}, {"type": "Feature", "geometry": {"type": "Point", "coordinates": [-111.9776197, 41.2478668]}, "properties": {"osm_id": 13932510302, "type": "public", "operator": "The Home Depot"}}, {"type": "Feature", "geometry": {"type": "Point", "coordinates": [-111.8987892, 40.5436937]}, "properties": {"osm_id": 13937528554, "type": "public", "operator": "Unknown"}}, {"type": "Feature", "geometry": {"type": "Point", "coordinates": [-111.8985, 40.5452439]}, "properties": {"osm_id": 13937545890, "type": "public", "operator": "Unknown"}}, {"type": "Feature", "geometry": {"type": "Point", "coordinates": [-112.103245, 38.748938]}, "properties": {"osm_id": 13938401001, "type": "public", "operator": "Unknown"}}, {"type": "Feature", "geometry": {"type": "Point", "coordinates": [-113.1100689, 37.7650063]}, "properties": {"osm_id": 13939563801, "type": "public", "operator": "Unknown"}}, {"type": "Feature", "geometry": {"type": "Point", "coordinates": [-111.9388915, 40.6227294]}, "properties": {"osm_id": 13944188401, "type": "public", "operator": "Unknown"}}, {"type": "Feature", "geometry": {"type": "Point", "coordinates": [-111.6429403, 38.4106012]}, "properties": {"osm_id": 13946309801, "type": "public", "operator": "Unknown"}}, {"type": "Feature", "geometry": {"type": "Point", "coordinates": [-111.984102, 40.6152248]}, "properties": {"osm_id": 13946425302, "type": "public", "operator": "Unknown"}}, {"type": "Feature", "geometry": {"type": "Point", "coordinates": [-113.5833546, 37.0888226]}, "properties": {"osm_id": 13947983601, "type": "public", "operator": "Unknown"}}, {"type": "Feature", "geometry": {"type": "Point", "coordinates": [-111.4607899, 38.3023088]}, "properties": {"osm_id": 13948074143, "type": "outdoor", "operator": "Unknown"}}, {"type": "Feature", "geometry": {"type": "Point", "coordinates": [-111.4609507, 38.2733319]}, "properties": {"osm_id": 13948084537, "type": "outdoor", "operator": "Unknown"}}, {"type": "Feature", "geometry": {"type": "Point", "coordinates": [-111.8828976, 40.7544339]}, "properties": {"osm_id": 13950461401, "type": "public", "operator": "Unknown"}}, {"type": "Feature", "geometry": {"type": "Point", "coordinates": [-113.0305584, 37.7518271]}, "properties": {"osm_id": 13950610601, "type": "public", "operator": "Unknown"}}, {"type": "Feature", "geometry": {"type": "Point", "coordinates": [-111.991098, 40.5877829]}, "properties": {"osm_id": 13951041301, "type": "public", "operator": "Unknown"}}, {"type": "Feature", "geometry": {"type": "Point", "coordinates": [-111.9875989, 40.5879681]}, "properties": {"osm_id": 13951042401, "type": "public", "operator": "Unknown"}}, {"type": "Feature", "geometry": {"type": "Point", "coordinates": [-112.0451961, 41.1254238]}, "properties": {"osm_id": 13952632301, "type": "public", "operator": "Unknown"}}, {"type": "Feature", "geometry": {"type": "Point", "coordinates": [-111.8739834, 40.5882702]}, "properties": {"osm_id": 13952690801, "type": "public", "operator": "Unknown"}}, {"type": "Feature", "geometry": {"type": "Point", "coordinates": [-111.8943987, 40.5882111]}, "properties": {"osm_id": 13952698501, "type": "public", "operator": "Unknown"}}, {"type": "Feature", "geometry": {"type": "Point", "coordinates": [-112.0262187, 41.1217433]}, "properties": {"osm_id": 13953158101, "type": "public", "operator": "Unknown"}}, {"type": "Feature", "geometry": {"type": "Point", "coordinates": [-113.1061129, 37.684217]}, "properties": {"osm_id": 13954938801, "type": "public", "operator": "Unknown"}}, {"type": "Feature", "geometry": {"type": "Point", "coordinates": [-113.0788039, 37.6803718]}, "properties": {"osm_id": 13954944101, "type": "public", "operator": "Unknown"}}, {"type": "Feature", "geometry": {"type": "Point", "coordinates": [-113.0675608, 37.6637603]}, "properties": {"osm_id": 13956092901, "type": "public", "operator": "Unknown"}}, {"type": "Feature", "geometry": {"type": "Point", "coordinates": [-113.0612247, 37.7122495]}, "properties": {"osm_id": 13956162101, "type": "public", "operator": "Unknown"}}, {"type": "Feature", "geometry": {"type": "Point", "coordinates": [-111.9104016, 40.616016]}, "properties": {"osm_id": 13959027802, "type": "public", "operator": "Unknown"}}, {"type": "Feature", "geometry": {"type": "Point", "coordinates": [-111.9226718, 40.7801261]}, "properties": {"osm_id": 13961020501, "type": "public", "operator": "Unknown"}}, {"type": "Feature", "geometry": {"type": "Point", "coordinates": [-111.8762439, 40.4661104]}, "properties": {"osm_id": 13963181801, "type": "public", "operator": "Unknown"}}, {"type": "Feature", "geometry": {"type": "Point", "coordinates": [-111.9386868, 40.6796069]}, "properties": {"osm_id": 13963655901, "type": "public", "operator": "Unknown"}}, {"type": "Feature", "geometry": {"type": "Point", "coordinates": [-111.9720492, 41.1667875]}, "properties": {"osm_id": 13966314601, "type": "public", "operator": "Unknown"}}, {"type": "Feature", "geometry": {"type": "Point", "coordinates": [-110.0272956, 40.2747367]}, "properties": {"osm_id": 13967897901, "type": "public", "operator": "Unknown"}}, {"type": "Feature", "geometry": {"type": "Point", "coordinates": [-110.0269854, 40.2752479]}, "properties": {"osm_id": 13967898501, "type": "public", "operator": "Unknown"}}, {"type": "Feature", "geometry": {"type": "Point", "coordinates": [-112.0277958, 40.6071252]}, "properties": {"osm_id": 13968243301, "type": "public", "operator": "Unknown"}}, {"type": "Feature", "geometry": {"type": "Point", "coordinates": [-112.0240438, 40.5959521]}, "properties": {"osm_id": 13968448204, "type": "public", "operator": "Unknown"}}, {"type": "Feature", "geometry": {"type": "Point", "coordinates": [-111.9933391, 40.6091799]}, "properties": {"osm_id": 13969067501, "type": "public", "operator": "Unknown"}}, {"type": "Feature", "geometry": {"type": "Point", "coordinates": [-112.5846167, 39.5001533]}, "properties": {"osm_id": 13970846301, "type": "public", "operator": "Unknown"}}, {"type": "Feature", "geometry": {"type": "Point", "coordinates": [-112.5845168, 39.4971812]}, "properties": {"osm_id": 13970848901, "type": "public", "operator": "Unknown"}}, {"type": "Feature", "geometry": {"type": "Point", "coordinates": [-111.9198784, 40.7747141]}, "properties": {"osm_id": 13970945001, "type": "public", "operator": "Unknown"}}, {"type": "Feature", "geometry": {"type": "Point", "coordinates": [-111.8220783, 40.3853578]}, "properties": {"osm_id": 13971237401, "type": "public", "operator": "The Home Depot"}}, {"type": "Feature", "geometry": {"type": "Point", "coordinates": [-111.8234675, 40.3850533]}, "properties": {"osm_id": 13971252001, "type": "public", "operator": "The Home Depot"}}, {"type": "Feature", "geometry": {"type": "Point", "coordinates": [-111.8553148, 40.7335746]}, "properties": {"osm_id": 13971417501, "type": "public", "operator": "Unknown"}}, {"type": "Feature", "geometry": {"type": "Point", "coordinates": [-111.7419009, 40.3117268]}, "properties": {"osm_id": 13973080501, "type": "public", "operator": "Unknown"}}, {"type": "Feature", "geometry": {"type": "Point", "coordinates": [-111.7356038, 40.2898933]}, "properties": {"osm_id": 13973080502, "type": "public", "operator": "Unknown"}}, {"type": "Feature", "geometry": {"type": "Point", "coordinates": [-111.9803505, 40.7022668]}, "properties": {"osm_id": 13975096501, "type": "public", "operator": "Unknown"}}, {"type": "Feature", "geometry": {"type": "Point", "coordinates": [-111.9843487, 41.0883462]}, "properties": {"osm_id": 13979206901, "type": "public", "operator": "Unknown"}}, {"type": "Feature", "geometry": {"type": "Point", "coordinates": [-111.986284, 41.0889134]}, "properties": {"osm_id": 13979208801, "type": "public", "operator": "Unknown"}}, {"type": "Feature", "geometry": {"type": "Point", "coordinates": [-111.9866912, 40.6674782]}, "properties": {"osm_id": 13979240601, "type": "public", "operator": "Unknown"}}, {"type": "Feature", "geometry": {"type": "Point", "coordinates": [-111.9277053, 40.6092062]}, "properties": {"osm_id": 13979283801, "type": "public", "operator": "Unknown"}}, {"type": "Feature", "geometry": {"type": "Point", "coordinates": [-111.9123345, 40.6103869]}, "properties": {"osm_id": 13979283802, "type": "public", "operator": "Unknown"}}, {"type": "Feature", "geometry": {"type": "Point", "coordinates": [-111.9365618, 41.0391274]}, "properties": {"osm_id": 13979312087, "type": "Camera", "operator": "Unknown"}}, {"type": "Feature", "geometry": {"type": "Point", "coordinates": [-111.8272639, 40.3906889]}, "properties": {"osm_id": 13981524105, "type": "public", "operator": "Lowe's"}}, {"type": "Feature", "geometry": {"type": "Point", "coordinates": [-111.8653822, 40.7227136]}, "properties": {"osm_id": 13984433802, "type": "public", "operator": "Unknown"}}, {"type": "Feature", "geometry": {"type": "Point", "coordinates": [-111.8653831, 40.7226133]}, "properties": {"osm_id": 13984438801, "type": "public", "operator": "Unknown"}}, {"type": "Feature", "geometry": {"type": "Point", "coordinates": [-113.0784468, 37.6770843]}, "properties": {"osm_id": 13984544544, "type": "public", "operator": "Unknown"}}, {"type": "Feature", "geometry": {"type": "Point", "coordinates": [-113.0785262, 37.6770896]}, "properties": {"osm_id": 13984544545, "type": "public", "operator": "Unknown"}}, {"type": "Feature", "geometry": {"type": "Point", "coordinates": [-112.0932001, 41.1895094]}, "properties": {"osm_id": 13984587201, "type": "public", "operator": "Unknown"}}, {"type": "Feature", "geometry": {"type": "Point", "coordinates": [-111.4606631, 38.3024125]}, "properties": {"osm_id": 13986948101, "type": "public", "operator": "Unknown"}}, {"type": "Feature", "geometry": {"type": "Point", "coordinates": [-111.9963366, 40.6665401]}, "properties": {"osm_id": 13988873001, "type": "public", "operator": "Unknown"}}, {"type": "Feature", "geometry": {"type": "Point", "coordinates": [-111.9963701, 40.6636786]}, "properties": {"osm_id": 13988873801, "type": "public", "operator": "Unknown"}}, {"type": "Feature", "geometry": {"type": "Point", "coordinates": [-111.6998487, 40.2741628]}, "properties": {"osm_id": 13990713502, "type": "public", "operator": "Lowe's"}}, {"type": "Feature", "geometry": {"type": "Point", "coordinates": [-110.8157479, 39.6008473]}, "properties": {"osm_id": 13996799501, "type": "public", "operator": "Unknown"}}, {"type": "Feature", "geometry": {"type": "Point", "coordinates": [-110.8456291, 39.4934827]}, "properties": {"osm_id": 13996800301, "type": "public", "operator": "Unknown"}}, {"type": "Feature", "geometry": {"type": "Point", "coordinates": [-111.9680588, 40.725922]}, "properties": {"osm_id": 13997865212, "type": "public", "operator": "Unknown"}}, {"type": "Feature", "geometry": {"type": "Point", "coordinates": [-112.0640528, 41.3360555]}, "properties": {"osm_id": 13998219701, "type": "public", "operator": "Unknown"}}, {"type": "Feature", "geometry": {"type": "Point", "coordinates": [-111.8579585, 40.6231498]}, "properties": {"osm_id": 13998407901, "type": "public", "operator": "Unknown"}}, {"type": "Feature", "geometry": {"type": "Point", "coordinates": [-111.981677, 41.1859541]}, "properties": {"osm_id": 13998613901, "type": "public", "operator": "Unknown"}}, {"type": "Feature", "geometry": {"type": "Point", "coordinates": [-111.982597, 41.182241]}, "properties": {"osm_id": 13998615701, "type": "public", "operator": "Unknown"}}, {"type": "Feature", "geometry": {"type": "Point", "coordinates": [-112.0187631, 41.0890745]}, "properties": {"osm_id": 13998741602, "type": "public", "operator": "Unknown"}}, {"type": "Feature", "geometry": {"type": "Point", "coordinates": [-112.0179504, 41.089125]}, "properties": {"osm_id": 13998741603, "type": "public", "operator": "Unknown"}}, {"type": "Feature", "geometry": {"type": "Point", "coordinates": [-111.6585988, 40.2463826]}, "properties": {"osm_id": 13998764301, "type": "public", "operator": "Unknown"}}, {"type": "Feature", "geometry": {"type": "Point", "coordinates": [-111.9716264, 41.1761635]}, "properties": {"osm_id": 14000506102, "type": "public", "operator": "Unknown"}}, {"type": "Feature", "geometry": {"type": "Point", "coordinates": [-111.8607147, 40.62057]}, "properties": {"osm_id": 14001569001, "type": "public", "operator": "Unknown"}}, {"type": "Feature", "geometry": {"type": "Point", "coordinates": [-111.9797641, 40.61583]}, "properties": {"osm_id": 14003100301, "type": "public", "operator": "Lowe's"}}, {"type": "Feature", "geometry": {"type": "Point", "coordinates": [-111.9864849, 40.6108661]}, "properties": {"osm_id": 14003114801, "type": "public", "operator": "Unknown"}}, {"type": "Feature", "geometry": {"type": "Point", "coordinates": [-111.9168801, 40.7012999]}, "properties": {"osm_id": 14003597001, "type": "public", "operator": "Unknown"}}, {"type": "Feature", "geometry": {"type": "Point", "coordinates": [-111.9169876, 40.7381501]}, "properties": {"osm_id": 14003604401, "type": "public", "operator": "Unknown"}}, {"type": "Feature", "geometry": {"type": "Point", "coordinates": [-111.9075517, 40.5020201]}, "properties": {"osm_id": 14013504801, "type": "public", "operator": "Unknown"}}, {"type": "Feature", "geometry": {"type": "Point", "coordinates": [-111.959478, 40.653205]}, "properties": {"osm_id": 14015207501, "type": "public", "operator": "Unknown"}}, {"type": "Feature", "geometry": {"type": "Point", "coordinates": [-112.0245602, 40.6529427]}, "properties": {"osm_id": 14015231201, "type": "public", "operator": "Unknown"}}, {"type": "Feature", "geometry": {"type": "Point", "coordinates": [-111.7154143, 40.2751486]}, "properties": {"osm_id": 14015656301, "type": "public", "operator": "Unknown"}}, {"type": "Feature", "geometry": {"type": "Point", "coordinates": [-111.9291422, 40.6300406]}, "properties": {"osm_id": 14016029801, "type": "public", "operator": "Unknown"}}, {"type": "Feature", "geometry": {"type": "Point", "coordinates": [-111.8720356, 40.6011733]}, "properties": {"osm_id": 14016357713, "type": "public", "operator": "Unknown"}}, {"type": "Feature", "geometry": {"type": "Point", "coordinates": [-111.8761918, 40.605953]}, "properties": {"osm_id": 14016409007, "type": "public", "operator": "Unknown"}}, {"type": "Feature", "geometry": {"type": "Point", "coordinates": [-111.9862467, 40.6819678]}, "properties": {"osm_id": 14016503401, "type": "public", "operator": "Unknown"}}, {"type": "Feature", "geometry": {"type": "Point", "coordinates": [-112.0271602, 40.5876635]}, "properties": {"osm_id": 14018571701, "type": "public", "operator": "Unknown"}}, {"type": "Feature", "geometry": {"type": "Point", "coordinates": [-111.9944689, 41.2456047]}, "properties": {"osm_id": 14018693701, "type": "public", "operator": "Unknown"}}, {"type": "Feature", "geometry": {"type": "Point", "coordinates": [-111.6941323, 40.2533606]}, "properties": {"osm_id": 14019889801, "type": "public", "operator": "Unknown"}}, {"type": "Feature", "geometry": {"type": "Point", "coordinates": [-110.8572875, 39.6915359]}, "properties": {"osm_id": 14020644701, "type": "public", "operator": "Unknown"}}, {"type": "Feature", "geometry": {"type": "Point", "coordinates": [-110.862836, 39.6934779]}, "properties": {"osm_id": 14020652301, "type": "public", "operator": "Unknown"}}, {"type": "Feature", "geometry": {"type": "Point", "coordinates": [-110.8285569, 39.600794]}, "properties": {"osm_id": 14020676701, "type": "public", "operator": "Unknown"}}, {"type": "Feature", "geometry": {"type": "Point", "coordinates": [-112.2771065, 40.5408419]}, "properties": {"osm_id": 14021259901, "type": "public", "operator": "Unknown"}}, {"type": "Feature", "geometry": {"type": "Point", "coordinates": [-112.0061145, 40.6528366]}, "properties": {"osm_id": 14021376801, "type": "public", "operator": "Unknown"}}, {"type": "Feature", "geometry": {"type": "Point", "coordinates": [-112.0053542, 40.6386369]}, "properties": {"osm_id": 14021382401, "type": "public", "operator": "Unknown"}}, {"type": "Feature", "geometry": {"type": "Point", "coordinates": [-112.0661043, 41.1167601]}, "properties": {"osm_id": 14023291401, "type": "public", "operator": "Unknown"}}, {"type": "Feature", "geometry": {"type": "Point", "coordinates": [-112.0661, 41.1167569]}, "properties": {"osm_id": 14023291402, "type": "public", "operator": "Unknown"}}, {"type": "Feature", "geometry": {"type": "Point", "coordinates": [-113.5549005, 37.1016845]}, "properties": {"osm_id": 14024739402, "type": "public", "operator": "Unknown"}}, {"type": "Feature", "geometry": {"type": "Point", "coordinates": [-111.8936815, 40.7705253]}, "properties": {"osm_id": 14024876401, "type": "traffic", "operator": "The Church of Jesus Christ of Latter Day Saints"}}, {"type": "Feature", "geometry": {"type": "Point", "coordinates": [-112.0056058, 40.6672248]}, "properties": {"osm_id": 14024949901, "type": "public", "operator": "Unknown"}}, {"type": "Feature", "geometry": {"type": "Point", "coordinates": [-112.9493601, 37.8032407]}, "properties": {"osm_id": 14025292101, "type": "public", "operator": "Unknown"}}, {"type": "Feature", "geometry": {"type": "Point", "coordinates": [-112.6691608, 37.6562171]}, "properties": {"osm_id": 14027599401, "type": "public", "operator": "Unknown"}}, {"type": "Feature", "geometry": {"type": "Point", "coordinates": [-111.9491566, 40.6095787]}, "properties": {"osm_id": 14027625503, "type": "public", "operator": "Unknown"}}, {"type": "Feature", "geometry": {"type": "Point", "coordinates": [-111.4186123, 40.5003256]}, "properties": {"osm_id": 14028997901, "type": "public", "operator": "Unknown"}}, {"type": "Feature", "geometry": {"type": "Point", "coordinates": [-112.0097474, 40.6091579]}, "properties": {"osm_id": 14029479504, "type": "public", "operator": "Unknown"}}, {"type": "Feature", "geometry": {"type": "Point", "coordinates": [-112.0097481, 40.6091553]}, "properties": {"osm_id": 14029483701, "type": "public", "operator": "Unknown"}}, {"type": "Feature", "geometry": {"type": "Point", "coordinates": [-111.4134189, 40.5069889]}, "properties": {"osm_id": 14031627801, "type": "public", "operator": "Unknown"}}, {"type": "Feature", "geometry": {"type": "Point", "coordinates": [-112.3759857, 37.7495213]}, "properties": {"osm_id": 14038370701, "type": "public", "operator": "Unknown"}}, {"type": "Feature", "geometry": {"type": "Point", "coordinates": [-112.1520837, 37.6926567]}, "properties": {"osm_id": 14038374501, "type": "public", "operator": "Unknown"}}, {"type": "Feature", "geometry": {"type": "Point", "coordinates": [-112.1516982, 37.6922587]}, "properties": {"osm_id": 14038375801, "type": "public", "operator": "Unknown"}}, {"type": "Feature", "geometry": {"type": "Point", "coordinates": [-112.0312704, 40.6093519]}, "properties": {"osm_id": 14038403701, "type": "public", "operator": "Unknown"}}, {"type": "Feature", "geometry": {"type": "Point", "coordinates": [-111.8654369, 40.7226617]}, "properties": {"osm_id": 14041906702, "type": "public", "operator": "Unknown"}}, {"type": "Feature", "geometry": {"type": "Point", "coordinates": [-111.885845, 40.7518158]}, "properties": {"osm_id": 14045090101, "type": "public", "operator": "Unknown"}}, {"type": "Feature", "geometry": {"type": "Point", "coordinates": [-111.8515924, 41.7035632]}, "properties": {"osm_id": 14045143601, "type": "public", "operator": "Utah Department of Transportation"}}, {"type": "Feature", "geometry": {"type": "Point", "coordinates": [-112.0265366, 40.6827547]}, "properties": {"osm_id": 14047489101, "type": "public", "operator": "Unknown"}}, {"type": "Feature", "geometry": {"type": "Point", "coordinates": [-112.0230387, 40.5948072]}, "properties": {"osm_id": 14047629801, "type": "public", "operator": "Unknown"}}, {"type": "Feature", "geometry": {"type": "Point", "coordinates": [-112.0266659, 40.6835884]}, "properties": {"osm_id": 14047647101, "type": "public", "operator": "Unknown"}}, {"type": "Feature", "geometry": {"type": "Point", "coordinates": [-112.0265551, 40.6823694]}, "properties": {"osm_id": 14047647402, "type": "public", "operator": "Unknown"}}, {"type": "Feature", "geometry": {"type": "Point", "coordinates": [-112.0266659, 40.6835884]}, "properties": {"osm_id": 14047647601, "type": "public", "operator": "Unknown"}}, {"type": "Feature", "geometry": {"type": "Point", "coordinates": [-111.9441127, 41.0315294]}, "properties": {"osm_id": 14047909108, "type": "public", "operator": "Unknown"}}, {"type": "Feature", "geometry": {"type": "Point", "coordinates": [-111.7057566, 40.0049211]}, "properties": {"osm_id": 14049242601, "type": "public", "operator": "Unknown"}}, {"type": "Feature", "geometry": {"type": "Point", "coordinates": [-111.9760494, 41.2181685]}, "properties": {"osm_id": 14049701201, "type": "public", "operator": "Unknown"}}, {"type": "Feature", "geometry": {"type": "Point", "coordinates": [-112.024901, 40.6947202]}, "properties": {"osm_id": 14051996202, "type": "public", "operator": "Unknown"}}, {"type": "Feature", "geometry": {"type": "Point", "coordinates": [-111.9124456, 40.7648708]}, "properties": {"osm_id": 14052088701, "type": "public", "operator": "Unknown"}}, {"type": "Feature", "geometry": {"type": "Point", "coordinates": [-111.8804931, 40.7518695]}, "properties": {"osm_id": 14052413202, "type": "public", "operator": "Unknown"}}, {"type": "Feature", "geometry": {"type": "Point", "coordinates": [-111.8806962, 40.7521456]}, "properties": {"osm_id": 14052552902, "type": "public", "operator": "Unknown"}}, {"type": "Feature", "geometry": {"type": "Point", "coordinates": [-111.8826051, 40.7497822]}, "properties": {"osm_id": 14052552903, "type": "public", "operator": "Unknown"}}, {"type": "Feature", "geometry": {"type": "Point", "coordinates": [-111.8768686, 40.7498447]}, "properties": {"osm_id": 14052555501, "type": "public", "operator": "Unknown"}}, {"type": "Feature", "geometry": {"type": "Point", "coordinates": [-112.1123873, 41.1073184]}, "properties": {"osm_id": 14052631301, "type": "public", "operator": "Unknown"}}, {"type": "Feature", "geometry": {"type": "Point", "coordinates": [-111.6285859, 40.2467209]}, "properties": {"osm_id": 14053049702, "type": "public", "operator": "Unknown"}}, {"type": "Feature", "geometry": {"type": "Point", "coordinates": [-111.8032028, 40.3709016]}, "properties": {"osm_id": 14053069252, "type": "public", "operator": "Unknown"}}, {"type": "Feature", "geometry": {"type": "Point", "coordinates": [-111.8030853, 40.3708384]}, "properties": {"osm_id": 14053069253, "type": "public", "operator": "Unknown"}}, {"type": "Feature", "geometry": {"type": "Point", "coordinates": [-111.9452847, 41.2420217]}, "properties": {"osm_id": 14053099101, "type": "public", "operator": "Unknown"}}, {"type": "Feature", "geometry": {"type": "Point", "coordinates": [-111.9533412, 41.2441752]}, "properties": {"osm_id": 14053099102, "type": "public", "operator": "Unknown"}}, {"type": "Feature", "geometry": {"type": "Point", "coordinates": [-111.6725256, 40.2366901]}, "properties": {"osm_id": 14053113266, "type": "private", "operator": "Unknown"}}, {"type": "Feature", "geometry": {"type": "Point", "coordinates": [-112.095121, 41.1070441]}, "properties": {"osm_id": 14053122101, "type": "public", "operator": "Unknown"}}, {"type": "Feature", "geometry": {"type": "Point", "coordinates": [-112.1010075, 40.5655136]}, "properties": {"osm_id": 14053279001, "type": "public", "operator": "Unknown"}}, {"type": "Feature", "geometry": {"type": "Point", "coordinates": [-111.8674279, 41.7358286]}, "properties": {"osm_id": 14054001844, "type": "traffic", "operator": "Utah Department of Transportation"}}, {"type": "Feature", "geometry": {"type": "Point", "coordinates": [-112.0213311, 40.5457826]}, "properties": {"osm_id": 14054915701, "type": "public", "operator": "Unknown"}}, {"type": "Feature", "geometry": {"type": "Point", "coordinates": [-111.8887724, 40.5254816]}, "properties": {"osm_id": 14055089301, "type": "public", "operator": "Unknown"}}, {"type": "Feature", "geometry": {"type": "Point", "coordinates": [-112.0155898, 41.5248137]}, "properties": {"osm_id": 14055254002, "type": "public", "operator": "Unknown"}}, {"type": "Feature", "geometry": {"type": "Point", "coordinates": [-112.0161004, 41.4960493]}, "properties": {"osm_id": 14055514901, "type": "public", "operator": "Unknown"}}, {"type": "Feature", "geometry": {"type": "Point", "coordinates": [-111.8914195, 40.5432022]}, "properties": {"osm_id": 14056328702, "type": "public", "operator": "Unknown"}}, {"type": "Feature", "geometry": {"type": "Point", "coordinates": [-111.6027687, 40.1442924]}, "properties": {"osm_id": 14057077402, "type": "public", "operator": "Unknown"}}, {"type": "Feature", "geometry": {"type": "Point", "coordinates": [-112.0157147, 41.5103736]}, "properties": {"osm_id": 14060351401, "type": "public", "operator": "Unknown"}}, {"type": "Feature", "geometry": {"type": "Point", "coordinates": [-112.0156793, 41.5128755]}, "properties": {"osm_id": 14060351601, "type": "public", "operator": "Unknown"}}, {"type": "Feature", "geometry": {"type": "Point", "coordinates": [-111.8346856, 41.7403011]}, "properties": {"osm_id": 14062901101, "type": "public", "operator": "Unknown"}}, {"type": "Feature", "geometry": {"type": "Point", "coordinates": [-112.0158864, 41.5060512]}, "properties": {"osm_id": 14063008701, "type": "public", "operator": "Unknown"}}, {"type": "Feature", "geometry": {"type": "Point", "coordinates": [-111.8351426, 41.7374782]}, "properties": {"osm_id": 14063022301, "type": "public", "operator": "Unknown"}}, {"type": "Feature", "geometry": {"type": "Point", "coordinates": [-111.892949, 40.8914078]}, "properties": {"osm_id": 14064426201, "type": "public", "operator": "Lowe's"}}, {"type": "Feature", "geometry": {"type": "Point", "coordinates": [-111.8936548, 40.7253236]}, "properties": {"osm_id": 14064842801, "type": "public", "operator": "Unknown"}}, {"type": "Feature", "geometry": {"type": "Point", "coordinates": [-112.435247, 37.8033806]}, "properties": {"osm_id": 14064889201, "type": "public", "operator": "Unknown"}}, {"type": "Feature", "geometry": {"type": "Point", "coordinates": [-111.9373366, 40.7405103]}, "properties": {"osm_id": 14064892503, "type": "public", "operator": "Unknown"}}, {"type": "Feature", "geometry": {"type": "Point", "coordinates": [-111.9819362, 40.6589341]}, "properties": {"osm_id": 14065282401, "type": "public", "operator": "Unknown"}}, {"type": "Feature", "geometry": {"type": "Point", "coordinates": [-111.8883699, 40.5041865]}, "properties": {"osm_id": 14067144301, "type": "public", "operator": "Unknown"}}, {"type": "Feature", "geometry": {"type": "Point", "coordinates": [-111.8800792, 41.6782325]}, "properties": {"osm_id": 14067223501, "type": "public", "operator": "Unknown"}}, {"type": "Feature", "geometry": {"type": "Point", "coordinates": [-111.8967932, 40.6205512]}, "properties": {"osm_id": 14068614001, "type": "public", "operator": "Unknown"}}, {"type": "Feature", "geometry": {"type": "Point", "coordinates": [-111.6295534, 40.247684]}, "properties": {"osm_id": 14068694973, "type": "public", "operator": "Unknown"}}, {"type": "Feature", "geometry": {"type": "Point", "coordinates": [-111.7735168, 39.975704]}, "properties": {"osm_id": 14069293002, "type": "public", "operator": "Unknown"}}, {"type": "Feature", "geometry": {"type": "Point", "coordinates": [-111.6927049, 40.2972605]}, "properties": {"osm_id": 14069372401, "type": "public", "operator": "Unknown"}}, {"type": "Feature", "geometry": {"type": "Point", "coordinates": [-111.9386689, 40.6823619]}, "properties": {"osm_id": 14069725001, "type": "public", "operator": "Unknown"}}, {"type": "Feature", "geometry": {"type": "Point", "coordinates": [-111.9389721, 40.7426242]}, "properties": {"osm_id": 14070213101, "type": "public", "operator": "Unknown"}}, {"type": "Feature", "geometry": {"type": "Point", "coordinates": [-111.9734865, 41.1034131]}, "properties": {"osm_id": 14072894901, "type": "public", "operator": "Unknown"}}, {"type": "Feature", "geometry": {"type": "Point", "coordinates": [-111.972283, 40.6675454]}, "properties": {"osm_id": 14075073501, "type": "public", "operator": "Unknown"}}, {"type": "Feature", "geometry": {"type": "Point", "coordinates": [-111.6033348, 40.1610281]}, "properties": {"osm_id": 14075818602, "type": "public", "operator": "Unknown"}}, {"type": "Feature", "geometry": {"type": "Point", "coordinates": [-111.6033377, 40.1610965]}, "properties": {"osm_id": 14075818603, "type": "public", "operator": "Unknown"}}, {"type": "Feature", "geometry": {"type": "Point", "coordinates": [-111.6032919, 40.161061]}, "properties": {"osm_id": 14075821901, "type": "public", "operator": "Unknown"}}, {"type": "Feature", "geometry": {"type": "Point", "coordinates": [-111.6105839, 40.1587519]}, "properties": {"osm_id": 14075821902, "type": "public", "operator": "Unknown"}}, {"type": "Feature", "geometry": {"type": "Point", "coordinates": [-111.6033848, 40.1610619]}, "properties": {"osm_id": 14075822601, "type": "public", "operator": "Unknown"}}, {"type": "Feature", "geometry": {"type": "Point", "coordinates": [-111.6447099, 40.2612737]}, "properties": {"osm_id": 14075895401, "type": "public", "operator": "Unknown"}}, {"type": "Feature", "geometry": {"type": "Point", "coordinates": [-112.0244843, 40.5409595]}, "properties": {"osm_id": 14077703071, "type": "Camera", "operator": "Unknown"}}, {"type": "Feature", "geometry": {"type": "Point", "coordinates": [-112.0192779, 40.537733]}, "properties": {"osm_id": 14077711650, "type": "Camera", "operator": "Unknown"}}, {"type": "Feature", "geometry": {"type": "Point", "coordinates": [-111.6622053, 40.2404034]}, "properties": {"osm_id": 14078630101, "type": "public", "operator": "Unknown"}}, {"type": "Feature", "geometry": {"type": "Point", "coordinates": [-112.0821829, 40.6821307]}, "properties": {"osm_id": 14080365202, "type": "public", "operator": "Unknown"}}, {"type": "Feature", "geometry": {"type": "Point", "coordinates": [-111.9064863, 40.5744321]}, "properties": {"osm_id": 14081225012, "type": "public", "operator": "Unknown"}}, {"type": "Feature", "geometry": {"type": "Point", "coordinates": [-111.4844213, 40.7187574]}, "properties": {"osm_id": 14083622797, "type": "public", "operator": "Unknown"}}, {"type": "Feature", "geometry": {"type": "Point", "coordinates": [-111.4835387, 40.7184486]}, "properties": {"osm_id": 14083622798, "type": "public", "operator": "Unknown"}}, {"type": "Feature", "geometry": {"type": "Point", "coordinates": [-111.4256387, 37.9012132]}, "properties": {"osm_id": 14084756401, "type": "public", "operator": "Unknown"}}, {"type": "Feature", "geometry": {"type": "Point", "coordinates": [-113.997585, 41.3793682]}, "properties": {"osm_id": 14086418701, "type": "public", "operator": "Unknown"}}, {"type": "Feature", "geometry": {"type": "Point", "coordinates": [-111.3347706, 40.4696375]}, "properties": {"osm_id": 14090346901, "type": "public", "operator": "Unknown"}}, {"type": "Feature", "geometry": {"type": "Point", "coordinates": [-111.7406735, 40.3336522]}, "properties": {"osm_id": 14090598003, "type": "public", "operator": "Unknown"}}, {"type": "Feature", "geometry": {"type": "Point", "coordinates": [-111.9760909, 40.6238146]}, "properties": {"osm_id": 14090844102, "type": "public", "operator": "Unknown"}}, {"type": "Feature", "geometry": {"type": "Point", "coordinates": [-111.9389131, 40.6387637]}, "properties": {"osm_id": 14093600601, "type": "public", "operator": "Unknown"}}, {"type": "Feature", "geometry": {"type": "Point", "coordinates": [-111.8762689, 41.9757043]}, "properties": {"osm_id": 14094708649, "type": "traffic", "operator": "Utah Department of Transportation"}}, {"type": "Feature", "geometry": {"type": "Point", "coordinates": [-112.0125029, 41.1834047]}, "properties": {"osm_id": 14094873901, "type": "public", "operator": "Unknown"}}, {"type": "Feature", "geometry": {"type": "Point", "coordinates": [-111.8101435, 40.6750742]}, "properties": {"osm_id": 14094967201, "type": "public", "operator": "Unknown"}}, {"type": "Feature", "geometry": {"type": "Point", "coordinates": [-113.583601, 37.120522]}, "properties": {"osm_id": 14094979601, "type": "public", "operator": "Unknown"}}, {"type": "Feature", "geometry": {"type": "Point", "coordinates": [-111.9996783, 40.6384494]}, "properties": {"osm_id": 14095030602, "type": "public", "operator": "Unknown"}}, {"type": "Feature", "geometry": {"type": "Point", "coordinates": [-112.0238819, 40.5397359]}, "properties": {"osm_id": 14097434401, "type": "public", "operator": "Unknown"}}, {"type": "Feature", "geometry": {"type": "Point", "coordinates": [-111.9141327, 40.5721478]}, "properties": {"osm_id": 14098001123, "type": "public", "operator": "Unknown"}}, {"type": "Feature", "geometry": {"type": "Point", "coordinates": [-111.9324394, 40.587604]}, "properties": {"osm_id": 14098036151, "type": "public", "operator": "West Jordan Police Department"}}, {"type": "Feature", "geometry": {"type": "Point", "coordinates": [-111.9151522, 40.5879055]}, "properties": {"osm_id": 14098057415, "type": "public", "operator": "West Jordan Police Department"}}, {"type": "Feature", "geometry": {"type": "Point", "coordinates": [-111.6623963, 40.6484549]}, "properties": {"osm_id": 14098121401, "type": "public", "operator": "Unknown"}}, {"type": "Feature", "geometry": {"type": "Point", "coordinates": [-111.6368378, 39.2605169]}, "properties": {"osm_id": 14098279501, "type": "public", "operator": "Unknown"}}, {"type": "Feature", "geometry": {"type": "Point", "coordinates": [-111.9579188, 40.6385171]}, "properties": {"osm_id": 14099502902, "type": "public", "operator": "Unknown"}}, {"type": "Feature", "geometry": {"type": "Point", "coordinates": [-111.9672858, 40.63853]}, "properties": {"osm_id": 14099505101, "type": "public", "operator": "Unknown"}}, {"type": "Feature", "geometry": {"type": "Point", "coordinates": [-112.0244402, 40.6385059]}, "properties": {"osm_id": 14099514401, "type": "public", "operator": "Unknown"}}, {"type": "Feature", "geometry": {"type": "Point", "coordinates": [-112.0277525, 40.6383984]}, "properties": {"osm_id": 14099515301, "type": "public", "operator": "Unknown"}}, {"type": "Feature", "geometry": {"type": "Point", "coordinates": [-112.0464634, 40.6386946]}, "properties": {"osm_id": 14099515302, "type": "public", "operator": "Unknown"}}, {"type": "Feature", "geometry": {"type": "Point", "coordinates": [-112.0598877, 40.639138]}, "properties": {"osm_id": 14099520801, "type": "public", "operator": "Unknown"}}, {"type": "Feature", "geometry": {"type": "Point", "coordinates": [-112.0250724, 40.6966353]}, "properties": {"osm_id": 14100160901, "type": "public", "operator": "Unknown"}}, {"type": "Feature", "geometry": {"type": "Point", "coordinates": [-112.0249682, 40.7013313]}, "properties": {"osm_id": 14100161401, "type": "public", "operator": "Unknown"}}, {"type": "Feature", "geometry": {"type": "Point", "coordinates": [-111.7503597, 40.3638794]}, "properties": {"osm_id": 14101878801, "type": "public", "operator": "Unknown"}}, {"type": "Feature", "geometry": {"type": "Point", "coordinates": [-111.8144893, 41.9085219]}, "properties": {"osm_id": 14104261711, "type": "traffic", "operator": "Utah Department of Transportation"}}, {"type": "Feature", "geometry": {"type": "Point", "coordinates": [-111.8145759, 41.9225485]}, "properties": {"osm_id": 14104270666, "type": "Camera", "operator": "Utah Department of Transportation"}}, {"type": "Feature", "geometry": {"type": "Point", "coordinates": [-111.8150873, 41.8899998]}, "properties": {"osm_id": 14104286502, "type": "traffic", "operator": "Utah Department of Transportation"}}, {"type": "Feature", "geometry": {"type": "Point", "coordinates": [-111.832914, 41.8160063]}, "properties": {"osm_id": 14104298593, "type": "traffic", "operator": "Utah Department of Transportation"}}, {"type": "Feature", "geometry": {"type": "Point", "coordinates": [-111.9027913, 40.561518]}, "properties": {"osm_id": 14104379703, "type": "public", "operator": "Unknown"}}, {"type": "Feature", "geometry": {"type": "Point", "coordinates": [-112.0215372, 40.638317]}, "properties": {"osm_id": 14105487901, "type": "public", "operator": "Unknown"}}, {"type": "Feature", "geometry": {"type": "Point", "coordinates": [-111.9770838, 40.6385636]}, "properties": {"osm_id": 14105499102, "type": "public", "operator": "Unknown"}}, {"type": "Feature", "geometry": {"type": "Point", "coordinates": [-111.9446088, 40.6384951]}, "properties": {"osm_id": 14105509601, "type": "public", "operator": "Unknown"}}, {"type": "Feature", "geometry": {"type": "Point", "coordinates": [-111.9387058, 40.643221]}, "properties": {"osm_id": 14105530001, "type": "public", "operator": "Unknown"}}, {"type": "Feature", "geometry": {"type": "Point", "coordinates": [-111.8924477, 40.8924608]}, "properties": {"osm_id": 14106639401, "type": "public", "operator": "Unknown"}}, {"type": "Feature", "geometry": {"type": "Point", "coordinates": [-111.8491771, 41.8386083]}, "properties": {"osm_id": 14108501770, "type": "traffic", "operator": "Utah Department of Transportation"}}, {"type": "Feature", "geometry": {"type": "Point", "coordinates": [-111.9033081, 40.992865]}, "properties": {"osm_id": 14108959201, "type": "public", "operator": "Unknown"}}, {"type": "Feature", "geometry": {"type": "Point", "coordinates": [-112.0249502, 40.7181676]}, "properties": {"osm_id": 14110347301, "type": "public", "operator": "Unknown"}}, {"type": "Feature", "geometry": {"type": "Point", "coordinates": [-113.6165452, 37.1236264]}, "properties": {"osm_id": 14111249601, "type": "public", "operator": "The Home Depot"}}, {"type": "Feature", "geometry": {"type": "Point", "coordinates": [-113.6292334, 37.1241296]}, "properties": {"osm_id": 14111254301, "type": "public", "operator": "Unknown"}}, {"type": "Feature", "geometry": {"type": "Point", "coordinates": [-111.9144079, 40.6216826]}, "properties": {"osm_id": 14111319701, "type": "public", "operator": "Unknown"}}, {"type": "Feature", "geometry": {"type": "Point", "coordinates": [-111.9103882, 40.6210705]}, "properties": {"osm_id": 14111319702, "type": "public", "operator": "Unknown"}}, {"type": "Feature", "geometry": {"type": "Point", "coordinates": [-111.8744815, 40.7695265]}, "properties": {"osm_id": 14111428701, "type": "public", "operator": "Unknown"}}, {"type": "Feature", "geometry": {"type": "Point", "coordinates": [-112.0910341, 40.5017452]}, "properties": {"osm_id": 14113735201, "type": "public", "operator": "Unknown"}}, {"type": "Feature", "geometry": {"type": "Point", "coordinates": [-112.1673858, 41.7116401]}, "properties": {"osm_id": 14113827601, "type": "public", "operator": "Unknown"}}, {"type": "Feature", "geometry": {"type": "Point", "coordinates": [-111.8729279, 40.7695514]}, "properties": {"osm_id": 14115962001, "type": "public", "operator": "Unknown"}}, {"type": "Feature", "geometry": {"type": "Point", "coordinates": [-112.0642263, 41.1397366]}, "properties": {"osm_id": 14116491201, "type": "public", "operator": "Unknown"}}, {"type": "Feature", "geometry": {"type": "Point", "coordinates": [-109.2391879, 41.5924178]}, "properties": {"osm_id": 14116687501, "type": "public", "operator": "Unknown"}}, {"type": "Feature", "geometry": {"type": "Point", "coordinates": [-109.2396619, 41.5923732]}, "properties": {"osm_id": 14116690601, "type": "public", "operator": "Unknown"}}, {"type": "Feature", "geometry": {"type": "Point", "coordinates": [-109.2211625, 41.5862664]}, "properties": {"osm_id": 14116716902, "type": "public", "operator": "Unknown"}}, {"type": "Feature", "geometry": {"type": "Point", "coordinates": [-111.8825487, 40.9205717]}, "properties": {"osm_id": 14120393001, "type": "public", "operator": "Simon Property Group"}}, {"type": "Feature", "geometry": {"type": "Point", "coordinates": [-111.7611036, 40.3430737]}, "properties": {"osm_id": 14121185501, "type": "public", "operator": "Unknown"}}, {"type": "Feature", "geometry": {"type": "Point", "coordinates": [-113.5834889, 37.1077055]}, "properties": {"osm_id": 14122757001, "type": "public", "operator": "Unknown"}}, {"type": "Feature", "geometry": {"type": "Point", "coordinates": [-112.0524765, 40.5732212]}, "properties": {"osm_id": 14123309301, "type": "public", "operator": "Unknown"}}, {"type": "Feature", "geometry": {"type": "Point", "coordinates": [-111.5095609, 40.6605103]}, "properties": {"osm_id": 14123641301, "type": "public", "operator": "Unknown"}}, {"type": "Feature", "geometry": {"type": "Point", "coordinates": [-111.4825301, 40.716126]}, "properties": {"osm_id": 14123646201, "type": "public", "operator": "Unknown"}}, {"type": "Feature", "geometry": {"type": "Point", "coordinates": [-112.0212288, 40.7037983]}, "properties": {"osm_id": 14123696201, "type": "public", "operator": "Unknown"}}, {"type": "Feature", "geometry": {"type": "Point", "coordinates": [-111.9427689, 40.4456954]}, "properties": {"osm_id": 14124362802, "type": "public", "operator": "Unknown"}}, {"type": "Feature", "geometry": {"type": "Point", "coordinates": [-111.9367368, 40.4949329]}, "properties": {"osm_id": 14124369702, "type": "public", "operator": "Unknown"}}, {"type": "Feature", "geometry": {"type": "Point", "coordinates": [-111.9382, 40.4955979]}, "properties": {"osm_id": 14124370701, "type": "public", "operator": "Unknown"}}, {"type": "Feature", "geometry": {"type": "Point", "coordinates": [-111.9375868, 40.4954935]}, "properties": {"osm_id": 14124370801, "type": "public", "operator": "Unknown"}}, {"type": "Feature", "geometry": {"type": "Point", "coordinates": [-111.9461403, 40.4554268]}, "properties": {"osm_id": 14124372601, "type": "public", "operator": "Unknown"}}, {"type": "Feature", "geometry": {"type": "Point", "coordinates": [-111.9445245, 40.4494432]}, "properties": {"osm_id": 14124375401, "type": "public", "operator": "Unknown"}}, {"type": "Feature", "geometry": {"type": "Point", "coordinates": [-111.9400187, 40.4425315]}, "properties": {"osm_id": 14124376801, "type": "public", "operator": "Unknown"}}, {"type": "Feature", "geometry": {"type": "Point", "coordinates": [-111.9372079, 40.412079]}, "properties": {"osm_id": 14124382701, "type": "public", "operator": "Unknown"}}, {"type": "Feature", "geometry": {"type": "Point", "coordinates": [-111.9564322, 40.3622662]}, "properties": {"osm_id": 14127654601, "type": "public", "operator": "Unknown"}}, {"type": "Feature", "geometry": {"type": "Point", "coordinates": [-111.9351105, 40.3861958]}, "properties": {"osm_id": 14127655101, "type": "public", "operator": "Unknown"}}, {"type": "Feature", "geometry": {"type": "Point", "coordinates": [-111.9346657, 40.362309]}, "properties": {"osm_id": 14127680201, "type": "public", "operator": "Unknown"}}, {"type": "Feature", "geometry": {"type": "Point", "coordinates": [-111.9353097, 40.3696818]}, "properties": {"osm_id": 14127681201, "type": "public", "operator": "Unknown"}}, {"type": "Feature", "geometry": {"type": "Point", "coordinates": [-111.9502379, 40.3847866]}, "properties": {"osm_id": 14128853901, "type": "public", "operator": "Unknown"}}, {"type": "Feature", "geometry": {"type": "Point", "coordinates": [-111.9304425, 40.3841333]}, "properties": {"osm_id": 14128857801, "type": "public", "operator": "Unknown"}}, {"type": "Feature", "geometry": {"type": "Point", "coordinates": [-111.9225515, 40.3876242]}, "properties": {"osm_id": 14128889001, "type": "public", "operator": "Unknown"}}, {"type": "Feature", "geometry": {"type": "Point", "coordinates": [-111.916621, 40.3876784]}, "properties": {"osm_id": 14128899401, "type": "public", "operator": "Unknown"}}, {"type": "Feature", "geometry": {"type": "Point", "coordinates": [-111.9164465, 40.3904416]}, "properties": {"osm_id": 14128931801, "type": "public", "operator": "Unknown"}}, {"type": "Feature", "geometry": {"type": "Point", "coordinates": [-111.9226902, 40.4127826]}, "properties": {"osm_id": 14128941301, "type": "public", "operator": "Unknown"}}, {"type": "Feature", "geometry": {"type": "Point", "coordinates": [-111.923541, 40.4136566]}, "properties": {"osm_id": 14128941901, "type": "public", "operator": "Unknown"}}, {"type": "Feature", "geometry": {"type": "Point", "coordinates": [-111.9293587, 40.4345182]}, "properties": {"osm_id": 14128941902, "type": "public", "operator": "Unknown"}}, {"type": "Feature", "geometry": {"type": "Point", "coordinates": [-111.9246661, 40.4171204]}, "properties": {"osm_id": 14128942901, "type": "public", "operator": "Unknown"}}, {"type": "Feature", "geometry": {"type": "Point", "coordinates": [-111.9403596, 40.4577577]}, "properties": {"osm_id": 14128968401, "type": "public", "operator": "Unknown"}}, {"type": "Feature", "geometry": {"type": "Point", "coordinates": [-111.9425739, 40.4625028]}, "properties": {"osm_id": 14128979302, "type": "public", "operator": "Unknown"}}, {"type": "Feature", "geometry": {"type": "Point", "coordinates": [-111.9812817, 40.654479]}, "properties": {"osm_id": 14129019301, "type": "public", "operator": "Unknown"}}, {"type": "Feature", "geometry": {"type": "Point", "coordinates": [-112.0356136, 40.6531716]}, "properties": {"osm_id": 14129030402, "type": "public", "operator": "Unknown"}}, {"type": "Feature", "geometry": {"type": "Point", "coordinates": [-111.9372952, 40.4044287]}, "properties": {"osm_id": 14129301401, "type": "public", "operator": "Unknown"}}, {"type": "Feature", "geometry": {"type": "Point", "coordinates": [-111.672711, 40.739093]}, "properties": {"osm_id": 14129518347, "type": "public", "operator": "Unknown"}}, {"type": "Feature", "geometry": {"type": "Point", "coordinates": [-111.4570113, 40.6533211]}, "properties": {"osm_id": 14129518348, "type": "public", "operator": "Unknown"}}, {"type": "Feature", "geometry": {"type": "Point", "coordinates": [-111.4564413, 40.6534641]}, "properties": {"osm_id": 14129518349, "type": "public", "operator": "Unknown"}}, {"type": "Feature", "geometry": {"type": "Point", "coordinates": [-111.8883239, 40.6492764]}, "properties": {"osm_id": 14129857201, "type": "public", "operator": "Unknown"}}, {"type": "Feature", "geometry": {"type": "Point", "coordinates": [-111.9378943, 40.3978311]}, "properties": {"osm_id": 14130114401, "type": "public", "operator": "Unknown"}}, {"type": "Feature", "geometry": {"type": "Point", "coordinates": [-111.9241777, 40.3760071]}, "properties": {"osm_id": 14130173801, "type": "public", "operator": "Unknown"}}, {"type": "Feature", "geometry": {"type": "Point", "coordinates": [-111.916205, 40.3729424]}, "properties": {"osm_id": 14130174001, "type": "public", "operator": "Unknown"}}, {"type": "Feature", "geometry": {"type": "Point", "coordinates": [-111.9110469, 40.3729319]}, "properties": {"osm_id": 14130174501, "type": "public", "operator": "Unknown"}}, {"type": "Feature", "geometry": {"type": "Point", "coordinates": [-111.886658, 40.3763634]}, "properties": {"osm_id": 14130175601, "type": "public", "operator": "Unknown"}}, {"type": "Feature", "geometry": {"type": "Point", "coordinates": [-111.8769463, 40.3761993]}, "properties": {"osm_id": 14130176201, "type": "public", "operator": "Unknown"}}, {"type": "Feature", "geometry": {"type": "Point", "coordinates": [-111.8669294, 40.3750618]}, "properties": {"osm_id": 14130178301, "type": "public", "operator": "Unknown"}}, {"type": "Feature", "geometry": {"type": "Point", "coordinates": [-111.8574786, 40.3739182]}, "properties": {"osm_id": 14130178601, "type": "public", "operator": "Unknown"}}, {"type": "Feature", "geometry": {"type": "Point", "coordinates": [-111.848971, 40.3735707]}, "properties": {"osm_id": 14130179301, "type": "public", "operator": "Unknown"}}, {"type": "Feature", "geometry": {"type": "Point", "coordinates": [-111.832404, 40.3772383]}, "properties": {"osm_id": 14130180901, "type": "public", "operator": "Unknown"}}, {"type": "Feature", "geometry": {"type": "Point", "coordinates": [-111.7201915, 40.2756646]}, "properties": {"osm_id": 14130191901, "type": "public", "operator": "Unknown"}}, {"type": "Feature", "geometry": {"type": "Point", "coordinates": [-111.7045577, 40.2734174]}, "properties": {"osm_id": 14130191902, "type": "public", "operator": "Unknown"}}, {"type": "Feature", "geometry": {"type": "Point", "coordinates": [-111.7000908, 40.2737391]}, "properties": {"osm_id": 14130193801, "type": "public", "operator": "Unknown"}}, {"type": "Feature", "geometry": {"type": "Point", "coordinates": [-111.6969536, 40.2737152]}, "properties": {"osm_id": 14130195301, "type": "public", "operator": "Unknown"}}, {"type": "Feature", "geometry": {"type": "Point", "coordinates": [-111.6950616, 40.2737111]}, "properties": {"osm_id": 14130195701, "type": "public", "operator": "Unknown"}}, {"type": "Feature", "geometry": {"type": "Point", "coordinates": [-112.0252891, 40.7741471]}, "properties": {"osm_id": 14131050802, "type": "public", "operator": "Unknown"}}, {"type": "Feature", "geometry": {"type": "Point", "coordinates": [-112.4134225, 37.9644336]}, "properties": {"osm_id": 14131339501, "type": "public", "operator": "Unknown"}}, {"type": "Feature", "geometry": {"type": "Point", "coordinates": [-113.5573694, 37.0889082]}, "properties": {"osm_id": 14131672701, "type": "public", "operator": "Unknown"}}, {"type": "Feature", "geometry": {"type": "Point", "coordinates": [-111.8937944, 40.8916244]}, "properties": {"osm_id": 14135938601, "type": "public", "operator": "Unknown"}}, {"type": "Feature", "geometry": {"type": "Point", "coordinates": [-111.9767308, 40.362333]}, "properties": {"osm_id": 14136037901, "type": "public", "operator": "Unknown"}}, {"type": "Feature", "geometry": {"type": "Point", "coordinates": [-111.7042956, 40.0467585]}, "properties": {"osm_id": 14138694101, "type": "public", "operator": "Unknown"}}]}